序号,原句,术语,原句翻译,原句术语翻译,bert替换变异,替换术语,替换翻译,替换术语翻译,原句术语翻译,gpt建议,请问这组替换变异是否存在术语翻译一致的错误
0,"For Help on an item, click? at the top of the dialog box, and then click the item.",dialog box,要获取有关某个项目的帮助，请单击对话框顶部的“？”，然后单击该项目。,['对话框，'],"['For Help on an item, click? at the top of the dialog line, and then click the item.']",['dialog line'],['要获取有关某个项目的帮助，请单击对话框顶部的“？”，然后单击该项目。'],['对话框，'],['对话框，'],"{'dialog line': 'NO\nDifferent translations: <dialog box: 对话框, dialog line: 对话行>'}",
1,(2) A swing saw or pendulum saw shall be provided with limit chains or other effective devices to prevent the front edge of the saw being pulled out in front of the work table; and such chains or devices shall be maintained in good working order.,working order,（2）摆锯、摆锯应设有限位链或其他有效装置，防止锯前刃在工作台前被拉出；此类链条或装置应保持良好的工作状态。,['工作状态。'],"['(2) A swing saw or pendulum saw shall be provided with limit chains or other effective devices to prevent the front edge of the saw being pulled out in front of the work table; and such chains or devices shall be maintained in good working condition.', '(2) A swing saw or pendulum saw shall be provided with limit chains or other effective devices to prevent the front edge of the saw being pulled out in front of the work table; and such chains or devices shall be maintained in good working conditions.']","['working condition', 'working conditions']","['（2）摆锯或摆锯应当设有限位链或其他有效装置，防止锯的前刃在工作台前被拉出；此类链条或装置应当保持良好的工作状态。', '（2）摆锯或摆锯应当设有限位链或其他有效装置，防止锯的前刃在工作台前被拉出；此类链条或装置应当保持良好的工作状态。']","['工作状态。', '工作状态。']",['工作状态。'],"{'working condition': 'YES', 'working conditions': 'NO\nDifferent translations: <working order: 工作状态, working conditions: 工作条件>'}",
2,I just came down with some kind of bug.I got to take a sick leave.,sick leave,我刚刚得了某种病，我得请病假。,['病假。'],"['I just came down with some kind of bug.I got to take a little leave.', 'I just came down with some kind of bug.I got to take a quick leave.', 'I just came down with some kind of bug.I got to take a short leave.', 'I just came down with some kind of bug.I got to take a sick break.', 'I just came down with some kind of bug.I got to take a sick nap.', 'I just came down with some kind of bug.I got to take a sick sleep.', 'I just came down with some kind of bug.I got to take a sick breath.', 'I just came down with some kind of bug.I got to take a sick walk.']","['little leave', 'quick leave', 'short leave', 'sick break', 'sick nap', 'sick sleep', 'sick breath', 'sick walk']","['我刚刚遇到了某种问题。我得稍微休息一下。', '我刚刚遇到了某种问题。我得赶紧离开。', '我刚刚遇到了某种问题。我需要短暂休假。', '我刚刚得了某种病，我得请病假。', '我刚刚得了某种病，我得小睡一会儿。', '我刚刚得了某种病，我得好好睡一觉。', '我刚刚感染了某种病菌。我倒吸一口凉气。', '我刚刚得了某种病，我得病态地散步。']","['稍微休息。', '赶紧离开。', '短暂休假。', '病假。', '小睡。', '好好睡一觉。', '凉气。', '病态散步。']",['病假。'],"{'sick break': 'NO\nDifferent translations: <sick leave: 病假, sick break: 休病假>'}",
3,An ideal traction motive power for fast transportation of special goods DF_(8BG) diesel locomotives,motive power,特殊货物快速运输的理想牵引动力DF_(8BG)内燃机车,['牵引动力'],['An ideal traction motive force for fast transportation of special goods DF_(8BG) diesel locomotives'],['motive force'],['特殊货物快速运输的理想牵引动力DF_(8BG)内燃机车'],['牵引动力'],['牵引动力'],"{'motive force': 'NO\nDifferent translations: <motive power: 动力, motive force: 牵引力>'}",
4,"The purpose is to make the physical specialized course meet the need of sports for all and the fitness of intelligentsia, so to promote the reforming process of physical education teaching in university.",physical education,目的是使体育专业课程适应全民体育和知识分子健身的需要，推动高校体育教学改革的进程。,['体育教学改革'],"['The purpose is to make the physical specialized course meet the need of sports for all and the fitness of intelligentsia, so to promote the reforming process of physical science teaching in university.', 'The purpose is to make the physical specialized course meet the need of sports for all and the fitness of intelligentsia, so to promote the reforming process of physical training teaching in university.']","['physical science', 'physical training']","['目的是使体育专业课程适应全民体育和知识分子健身的需要，推动高校体育教学改革的进程。', '目的是使体育专业课程适应全民体育和知识分子健身的需要，推动高校体育教学改革的进程。']","['体育教学改革', '体育']",['体育教学改革'],"{'physical science': 'NO\nDifferent translations: <physical education: 体育教育, physical science: 自然科学>'}",
5,"an extract of the contract showing the change in ownership, which extract may be required to be certified, by a notary public or any other competent public authority, as being a true extract of the contract;",notary public,显示所有权变更的合同摘录，该摘录可能需要由公证人或任何其他主管公共机构证明为合同的真实摘录；,['公证人'],"['an extract of the contract showing the change in ownership, which extract may be required to be certified, by a notary general or any other competent public authority, as being a true extract of the contract;']",['notary general'],['显示所有权变更的合同摘录，该摘录可能需要由公证人或任何其他主管公共机构证明为合同的真实摘录；'],['公证人'],['公证人'],"{'notary general': 'NO\nDifferent translations: <notary public: 公证人, notary general: 公证大臣>'}",
6,Research on ammonia excretion and oxygen consumption in allogynogenetic sliver crucian carp,crucian carp,异育银鲫排氨量与耗氧量的研究,['异育'],"['Research on ammonia excretion and oxygen consumption in allogynogenetic sliver crucian sp', 'Research on ammonia excretion and oxygen consumption in allogynogenetic sliver crucian sap', 'Research on ammonia excretion and oxygen consumption in allogynogenetic sliver crucian seep']","['crucian sp', 'crucian sap', 'crucian seep']","['异育银鲫排氨量与耗氧量的研究', '异育银鲫汁液排氨与耗氧量研究', '异育银鲫鱼塘排氨与耗氧量研究']","['异育', '异育', '鲫鱼塘排']",['异育'],"{'crucian sp': 'NO\nDifferent translations: <crucian carp: 鲫鱼, crucian sp: 鲫鱼>', 'crucian sap': 'NO\nDifferent translations: <crucian carp: 鲫鱼, crucian sap: 鲫鱼>'}",
7,"Many problems such as energy shortage, available resource scarcity, severe urban pollution and urbanization lag, pose negative impacts on Wenzhou's future sustainable development in economy and society.",sustainable development,能源短缺、可用资源稀缺、城市污染严重、城市化滞后等诸多问题对温州未来经济社会的可持续发展构成了负面影响。,['持续发展'],"[""Many problems such as energy shortage, available resource scarcity, severe urban pollution and urbanization lag, pose negative impacts on Wenzhou's future sustainable growth in economy and society.""]",['sustainable growth'],['能源短缺、可用资源稀缺、城市污染严重、城市化滞后等诸多问题对温州未来经济社会可持续发展构成了影响。'],['持续发展'],['持续发展'],"{'sustainable growth': 'NO\nDifferent translations: <sustainable development: 可持续发展, sustainable growth: 可持续增长>'}",
8,"As for imitator can share innovator benefits, another reason is that any new product produce scale is limited, it can not satisfy all user demand , so it can supply market chance for imitator , even some can occupy more market share than innovator .",market share,至于模仿者可以分享创新者的利益，另一个原因是任何新产品的生产规模都是有限的，它不能满足所有的用户需求，因此它可以为模仿者提供市场机会，甚至有些可以比创新者占据更多的市场份额。,['市场份额'],"['As for imitator can share innovator benefits, another reason is that any new product produce scale is limited, it can not satisfy all user demand , so it can supply market chance for imitator , even some can occupy more market space than innovator .', 'As for imitator can share innovator benefits, another reason is that any new product produce scale is limited, it can not satisfy all user demand , so it can supply market chance for imitator , even some can occupy more market place than innovator .', 'As for imitator can share innovator benefits, another reason is that any new product produce scale is limited, it can not satisfy all user demand , so it can supply market chance for imitator , even some can occupy more market opportunity than innovator .', 'As for imitator can share innovator benefits, another reason is that any new product produce scale is limited, it can not satisfy all user demand , so it can supply market chance for imitator , even some can occupy more market chance than innovator .']","['market space', 'market place', 'market opportunity', 'market chance']","['至于模仿者可以分享创新者的利益，另一个原因是任何新产品的生产规模都是有限的，它不能满足所有的用户需求，因此它可以为模仿者提供市场机会，甚至有的可以比创新者占据更多的市场空间。', '至于模仿者可以分享创新者的利益，另一个原因是任何新产品的生产规模都是有限的，它不能满足所有的用户需求，因此它可以为模仿者提供市场机会，甚至有的比创新者占据更多的市场份额。', '至于模仿者能够分享创新者的利益，另一个原因是任何新产品的生产规模都是有限的，它不能满足所有的用户需求，因此它可以为模仿者提供市场机会，甚至有的比创新者占据更多的市场机会。', '至于模仿者能够分享创新者的利益，另一个原因是任何新产品的生产规模都是有限的，它不能满足所有的用户需求，因此它可以为模仿者提供市场机会，甚至有的比创新者占据更多的市场机会。']","['市场空间', '市场份额', '市场机会', '市场机会']",['市场份额'],"{'market place': 'NO\nDifferent translations: <market share: 市场份额, market place: 市场位置>'}",
9,"A person trained to live in underwater installations and conduct, assist in, or a subject of scientific research.",scientific research,接受过在水下设施中生活并进行、协助或进行科学研究的人员。,['科学研究。'],"['A person trained to live in underwater installations and conduct, assist in, or a subject of scientific inquiry.', 'A person trained to live in underwater installations and conduct, assist in, or a subject of scientific interest.', 'A person trained to live in underwater installations and conduct, assist in, or a subject of scientific investigation.']","['scientific inquiry', 'scientific interest', 'scientific investigation']","['受过水下设施生活训练并进行、协助或进行科学探究的人员。', '接受过在水下设施中生活并进行、协助或研究感兴趣的科学课题的人员。', '受过水下设施生活训练并进行、协助或参与科学研究的人员。']","['科学探究。', '感兴趣科学。', '科学研究。']",['科学研究。'],{'scientific investigation': 'NO\nDifferent translations: \nscientific research: 科学研究\nscientific investigation: 科学调查'},
10,"The atmosphere quality of 25K-type train is better than others in winter and summer, the atmosphere quality of hard sleeping car meets with national standards, the comfortable degree of 25K-type train is the best.",sleeping car,25K型列车冬季、夏季车内氛围品质较好，硬卧车内氛围品质符合国家标准，25K型列车舒适度最好。,['硬卧车'],"['The atmosphere quality of 25K-type train is better than others in winter and summer, the atmosphere quality of hard ride car meets with national standards, the comfortable degree of 25K-type train is the best.', 'The atmosphere quality of 25K-type train is better than others in winter and summer, the atmosphere quality of hard sleeping train meets with national standards, the comfortable degree of 25K-type train is the best.']","['ride car', 'sleeping train']","['25K型列车冬季、夏季车内氛围品质较好，硬卧车内氛围品质符合国家标准，舒适度最好。', '冬季、夏季25K型列车车内氛围品质较好，硬卧列车车内氛围品质符合国家标准，25K型列车舒适度最好。']","['硬卧车', '硬卧车']",['硬卧车'],"{'ride car': 'NO\nDifferent translations: <sleeping car: 硬卧车, ride car: 乘车>.', 'sleeping train': 'NO\nDifferent translations: <sleeping car: 硬卧车, sleeping train: 硬卧火车>'}",
11,"Business class is the most expensive, or one of the most expensive ways to travel on a train or a plane, but it is more comfortable.",business class,商务舱是最昂贵的，或者说是最昂贵的火车或飞机旅行方式之一，但它更舒适。,['商务舱'],"['Business travel is the most expensive, or one of the most expensive ways to travel on a train or a plane, but it is more comfortable.', 'Business attire is the most expensive, or one of the most expensive ways to travel on a train or a plane, but it is more comfortable.', 'Business gear is the most expensive, or one of the most expensive ways to travel on a train or a plane, but it is more comfortable.', 'Business mode is the most expensive, or one of the most expensive ways to travel on a train or a plane, but it is more comfortable.']","['Business travel', 'Business attire', 'Business gear', 'Business mode']","['商务旅行是最昂贵的，或者说最昂贵的旅行方式之一，乘坐火车或飞机，但更舒适。', '商务装是最昂贵的，或者说是乘坐火车或飞机最昂贵的出行方式之一，但更舒适。', '商务装备是最昂贵的，或者说是乘坐火车或飞机最昂贵的旅行方式之一，但它更舒适。', '商务舱是最昂贵的，或者说是最昂贵的火车或飞机旅行方式之一，但是更舒适。']","['商务旅行', '商务装是', '商务装备', '商务舱']",['商务舱'],"{'Business mode': 'NO\nDifferent translations: <Business class: 商务舱, Business mode: 商务模式>'}",
12,A conciliation statement shall have legal effect once signed and accepted by the parties.,legal effect,调解书经当事人签字并接受后，即发生法律效力。,['法律效力'],"['A conciliation statement shall have legal validity once signed and accepted by the parties.', 'A conciliation statement shall have legal status once signed and accepted by the parties.']","['legal validity', 'legal status']","['调解书经当事人签署并接受后，即发生法律效力。', '调解书经当事人签字并接受，即具有法律效力。']","['法律效力', '法律效力']",['法律效力'],"{'legal validity': 'NO\nDifferent translations: <legal effect: 法律效力, legal validity: 法律效力>.', 'legal status': 'NO\nDifferent translations: <legal effect: 法律效力, legal status: 法律地位>.'}",
13,"""Provinces, autonomous regions, municipalities directly under the central government""",central government,“各省、自治区、直辖市”,['”'],"['""Provinces, autonomous regions, municipalities directly under the central administration""', '""Provinces, autonomous regions, municipalities directly under the central authority""']","['central administration', 'central authority']","['“各省、自治区、直辖市”', '“各省、自治区、直辖市”']","['”', '”']",['”'],"{'central administration': 'NO\nDifferent translations: \ncentral government: 中央政府\ncentral administration: 中央行政', 'central authority': 'NO\nDifferent translations: central government: 中央政府, central authority: 中央权力'}",
14,The general rules of astronautic solar cell calibration,solar cell,航天太阳能电池标定通用规则,['太阳能电池'],"['The general rules of astronautic solar wind calibration', 'The general rules of astronautic solar thermal calibration', 'The general rules of astronautic solar system calibration', 'The general rules of astronautic solar radiation calibration', 'The general rules of astronautic solar flare calibration', 'The general rules of astronautic solar array calibration']","['solar wind', 'solar thermal', 'solar system', 'solar radiation', 'solar flare', 'solar array']","['航天太阳风校准通用规则', '航天太阳热校准通用规则', '航天太阳系标定通用规则', '航天太阳辐射校准通用规则', '航天太阳耀斑校准通用规则', '航天太阳能电池阵校准的一般规则']","['太阳风', '太阳热', '太阳系', '太阳辐射', '太阳耀斑', '太阳能电池']",['太阳能电池'],"{'solar array': 'NO\nDifferent translations: <solar cell: 太阳能电池, solar array: 太阳能阵列>'}",
15,"""Failure to apply for tax registration, change or cancellation of tax registration within a prescribed time limit;""",time limit,“未在规定期限内申请税务登记、变更或者注销税务登记的；”,['期限内；”'],"['""Failure to apply for tax registration, change or cancellation of tax registration within a prescribed term limit;""', '""Failure to apply for tax registration, change or cancellation of tax registration within a prescribed time period;""', '""Failure to apply for tax registration, change or cancellation of tax registration within a prescribed time frame;""']","['term limit', 'time period', 'time frame']","['“未在规定期限内申请税务登记、变更或者注销税务登记的；”', '“未在规定期限内申请税务登记、变更或者注销税务登记的；”', '“未在规定期限内申请税务登记、变更或者注销税务登记的；”']","['期限内；”', '期限内；”', '期限内；”']",['期限内；”'],"{'term limit': 'NO\nDifferent translations: <time limit: 时间限制, term limit: 期限>', 'time period': 'YES', 'time frame': 'YES'}",
16,"Article 49 When the medical and health institution finds that a worker is suspected of being an occupational disease patient, it shall let the worker himself know it and inform the employer of the matter without delay.",occupational disease,第四十九条 医疗卫生机构发现劳动者疑似职业病病人时，应当告知劳动者本人，并且及时告知用人单位。,['职业病'],"['Article 49 When the medical and health institution finds that a worker is suspected of being an occupational health patient, it shall let the worker himself know it and inform the employer of the matter without delay.', 'Article 49 When the medical and health institution finds that a worker is suspected of being an occupational hazard patient, it shall let the worker himself know it and inform the employer of the matter without delay.']","['occupational health', 'occupational hazard']","['第四十九条 医疗卫生机构发现劳动者疑似职业病病人时，应当告知劳动者本人，并及时告知用人单位。', '第四十九条 医疗卫生机构发现劳动者疑似职业病危害病人时，应当告知劳动者本人，并及时告知用人单位。']","['职业病', '职业病危害']",['职业病'],"{'occupational health': 'NO\nDifferent translations: <occupational disease: 职业病, occupational health: 职业健康>.'}",
17,Measurements of Low Densities and Capture Cross Section of the Surface States at the Si-SiO_2 Interface by the Conductance Technique,cross section,用电导技术测量Si-SiO_2界面处表面态的低密度和俘获截面,['截面'],['Measurements of Low Densities and Capture a Section of the Surface States at the Si-SiO_2 Interface by the Conductance Technique'],['a Section'],['用电导技术测量Si-SiO_2界面处的低密度和表面态截面'],['截面'],['截面'],"{'a Section': 'NO\nDifferent translations: <Cross Section: 横截面, a Section: 一个部分>'}",
18,"Because of the consumers’ weak status in a market deal and leading status in economic development, the legislation should break through the understanding of equal protection stipulated in the traditional civil law or commercial law, and offer special protection to consumers in the angle of economic law.",civil law,由于消费者在市场交易中的弱势地位和在经济发展中的主导地位，立法应突破传统民法或商法规定的平等保护的认识，从经济法的角度对消费者予以特殊的保护。,['民法'],"['Because of the consumers’ weak status in a market deal and leading status in economic development, the legislation should break through the understanding of equal protection stipulated in the traditional civil code or commercial law, and offer special protection to consumers in the angle of economic law.', 'Because of the consumers’ weak status in a market deal and leading status in economic development, the legislation should break through the understanding of equal protection stipulated in the traditional civil procedure or commercial law, and offer special protection to consumers in the angle of economic law.', 'Because of the consumers’ weak status in a market deal and leading status in economic development, the legislation should break through the understanding of equal protection stipulated in the traditional civil service or commercial law, and offer special protection to consumers in the angle of economic law.']","['civil code', 'civil procedure', 'civil service']","['由于消费者在市场交易中的弱势地位和在经济发展中的主导地位，立法应突破传统民法典或商法规定的平等保护的理解，从经济法的角度对消费者予以特殊的保护。', '由于消费者在市场交易中的弱势地位和在经济发展中的主导地位，立法应突破传统民事诉讼法或商法规定的平等保护的理解，从经济法的角度对消费者予以特殊的保护。', '由于消费者在市场交易中的弱势地位和在经济发展中的主导地位，立法应突破传统民法或商法规定的平等保护的理解，从经济法的角度对消费者予以特殊的保护。']","['民法典', '民事诉讼法', '民法']",['民法'],"{'civil service': 'NO\nDifferent translations: <civil law: 民法, civil service: 公务员服务>'}",
19,"U.S. beef imports were banned here after a single American animal was diagnosed with the fatal nervous disorder known as ""mad cow disease"" in 2003. The fatal disease can be transmitted to humans eating meat from an infected animal.",mad cow disease,2003年，美国一头牲畜被诊断出患有致命的神经疾病“疯牛病”，此后，美国牛肉被禁止进口。这种致命疾病可以通过食用受感染动物的肉传染给人类。,['“疯牛病”'],"['U.S. beef imports were banned here after a single American animal was diagnosed with the fatal nervous disorder known as ""mad dog disease"" in 2003. The fatal disease can be transmitted to humans eating meat from an infected animal.', 'U.S. beef imports were banned here after a single American animal was diagnosed with the fatal nervous disorder known as ""mad cow syndrome"" in 2003. The fatal disease can be transmitted to humans eating meat from an infected animal.', 'U.S. beef imports were banned here after a single American animal was diagnosed with the fatal nervous disorder known as ""mad cow fever"" in 2003. The fatal disease can be transmitted to humans eating meat from an infected animal.']","['mad dog disease', 'mad cow syndrome', 'mad cow fever']","['2003年，一只美国牲畜被诊断出患有一种名为“疯狗病”的致命神经疾病，此后美国牛肉被禁止进口。这种致命疾病可以通过食用受感染动物的肉传染给人类。', '2003年，美国一头牛被诊断出患有致命的神经疾病“疯牛病”，此后，美国牛肉被禁止进口。这种致命疾病可以通过食用受感染动物的肉传染给人类。', '2003年，美国一头牲畜被诊断出患有致命的神经疾病“疯牛病”，此后，美国牛肉被禁止进口。这种致命疾病可以通过食用受感染动物的肉传染给人类。']","['“疯狗病”', '“疯牛病”', '“疯牛病”']",['“疯牛病”'],"{'mad cow syndrome': 'NO\nDifferent translations: <mad cow disease: 疯牛病, mad cow syndrome: 疯牛综合症>', 'mad cow fever': 'NO\nDifferent translations: <mad cow disease: 疯牛病, mad cow fever: 疯牛热>.'}",
20,"Effects of diagenesis on reservoir property and auality,a case study of the Cainan Oilfield in east of Zhun Ga’er Basin",case study,成岩作用对储层物性及品质的影响——以准噶尔盆地东部彩南油田为例,['为例'],"['Effects of diagenesis on reservoir property and auality,a case example of the Cainan Oilfield in east of Zhun Ga’er Basin']",['case example'],['成岩作用对储层物性及品质的影响——以准噶尔盆地东部彩南油田为例'],['为例'],['为例'],"{'case example': 'NO\nDifferent translations: <case study: 案例研究, case example: 案例示例>'}",
21,"An envious friend will want what you have, but will look to you as her inspiration or role model, and compete with you to get in the lead.",role model,嫉妒的朋友会想要你所拥有的东西，但会将你视为她的灵感或榜样，并与你竞争以取得领先地位。,['榜样，'],"['An envious friend will want what you have, but will look to you as her inspiration or a model, and compete with you to get in the lead.']",['a model'],['嫉妒的朋友会想要你所拥有的东西，但会将你视为她的灵感或榜样，并与你竞争以取得领先地位。'],['榜样，'],['榜样，'],"{'a model': 'NO\nDifferent translations: <role model: 榜样, a model: 一个模特>'}",
22,"(ii) the court shall not make an order mentioned in paragraph (a) where it would prejudice another person who has, in good faith and for valuable consideration, acquired an interest in the land.",good faith,(ii) 如果法院作出(a)款中提到的命令会损害其他善意并以有价值的代价获得土地权益的人，则不得作出该命令。,['善意'],"['(ii) the court shall not make an order mentioned in paragraph (a) where it would prejudice another person who has, in good conscience and for valuable consideration, acquired an interest in the land.']",['good conscience'],['（ii）如果法院作出第（a）款所述的命令会损害另一个人（该人本着善意并以有价值对价取得该土地权益）的利益，则法院不得作出该命令。'],['善意'],['善意'],"{'good conscience': 'NO\nDifferent translations: <good faith: 善意, good conscience: 良心>'}",
23,"At present, big companies are using indexes such as selling income、 net profit、 EPS、 ROA、 ROE etc to assess.",net profit,目前，大公司都采用销售收入、净利润、EPS、ROA、ROE等指标来评估。,['净利润、'],"['At present, big companies are using indexes such as selling income、 net income、 EPS、 ROA、 ROE etc to assess.']",['net income'],['目前，大公司都采用销售收入、净利润、EPS、ROA、ROE等指标来评估。'],['净利润、'],['净利润、'],"{'net income': 'NO\nDifferent translations: <net profit: 净利润, net income: 净收入>'}",
24,No regulations made by any committee under section 14 shall be binding on the members of the church until such regulations have been passed by a majority of members present and voting at an annual general meeting of members.,annual general meeting,根据第 14 条由任何委员会制定的规章，除非经出席年度会员大会并投票的大多数会员通过，否则对教会会员不具有约束力。,['年度会员大会'],['No regulations made by any committee under section 14 shall be binding on the members of the church until such regulations have been passed by a majority of members present and voting at an annual general assembly of members.'],['annual general assembly'],['根据第 14 条由任何委员会制定的规章，除非经出席年度会员大会并投票的大多数会员通过，否则对教会会员不具有约束力。'],['年度会员大会'],['年度会员大会'],"{'annual general assembly': 'NO\nDifferent translations: <annual general meeting: 年度会员大会, annual general assembly: 年度会员大会>'}",
25,"In this work we use SDS Polyacrylamid gel electrophoresis (SDS PAGE) to analyzed the protein composition in root like stems and leaves of five species of Polygonatum. The results show:(1)All root like stems contain proteins of 38.5,28,18.6kD molecular weight.",molecular weight,"本文采用十二烷基硫酸钠聚丙烯酰胺凝胶电泳(SDS-PAGE)对5种黄精属植物根茎和叶的蛋白质组成进行了分析,结果表明:(1)根茎中均含有38.5,28,18.6kD分子量的蛋白质。",['分子量。'],"['In this work we use SDS Polyacrylamid gel electrophoresis (SDS PAGE) to analyzed the protein composition in root like stems and leaves of five species of Polygonatum. The results show:(1)All root like stems contain proteins of 38.5,28,18.6kD molecular size.']",['molecular size'],"['本文采用十二烷基硫酸钠聚丙烯酰胺凝胶电泳(SDS-PAGE)技术对5种黄精属植物根茎和叶的蛋白质组成进行了分析,结果表明:(1)根茎中均含有38.5,28,18.6kD分子量的蛋白质。']",['分子量。'],['分子量。'],"{'molecular size': 'NO\nDifferent translations: <molecular weight: 分子量, molecular size: 分子大小>.'}",
26,"(1) Subject to subregulation (2), no person shall use, transport or store a cylinder which contains or has contained liquefied petroleum gas in any manner which prevents the valve connection of the cylinder from being in contact with the vapour space of the cylinder.",liquefied petroleum gas,(1) 除第 (2) 款外，任何人不得以任何方式使用、运输或储存装有或已装有液化石油气的气瓶，以防止气瓶的阀门连接与气瓶的蒸汽空间接触。 。,['液化石油气'],"['(1) Subject to subregulation (2), no person shall use, transport or store a cylinder which contains or has contained liquefied hydrogen gas in any manner which prevents the valve connection of the cylinder from being in contact with the vapour space of the cylinder.', '(1) Subject to subregulation (2), no person shall use, transport or store a cylinder which contains or has contained liquefied petroleum oil in any manner which prevents the valve connection of the cylinder from being in contact with the vapour space of the cylinder.']","['liquefied hydrogen gas', 'liquefied petroleum oil']","['(1) 除第(2)款另有规定外，任何人不得以任何方式使用、运输或储存装有或曾经装有液化氢气的气瓶，以致妨碍气瓶的阀门接头与气瓶的蒸气空间接触。', '(1) 除第 (2) 款另有规定外，任何人不得以任何方式使用、运输或贮存装有或曾经装有液化石油气的气瓶，以致妨碍气瓶的阀门连接处与气瓶的蒸气空间接触。']","['液化氢气', '液化石油气']",['液化石油气'],"{'liquefied petroleum oil': 'NO\nDifferent translations: <liquefied petroleum gas: 液化石油气, liquefied petroleum oil: 液化石油油>.'}",
27,It paid the down payment on my house.,down payment,它支付了我房子的首付。,['首付'],['It paid the down price on my house.'],['down price'],['它支付了我房子的首付。'],['首付'],['首付'],"{'down price': 'NO\nDifferent translations: <down payment: 首付, down price: 降价>'}",
28,"The setting was rather heavy for the warm climate. The room, which was fairly big, was furnished with large chairs and a round table with a green baize cover.",round table,对于温暖的气候来说，布置显得有些沉重。房间相当大，摆放着大椅子和一张铺着绿色绒布桌布的圆桌。,['圆桌'],"['The setting was rather heavy for the warm climate. The room, which was fairly big, was furnished with large chairs and a small table with a green baize cover.', 'The setting was rather heavy for the warm climate. The room, which was fairly big, was furnished with large chairs and a large table with a green baize cover.', 'The setting was rather heavy for the warm climate. The room, which was fairly big, was furnished with large chairs and a round bed with a green baize cover.', 'The setting was rather heavy for the warm climate. The room, which was fairly big, was furnished with large chairs and a round desk with a green baize cover.']","['small table', 'large table', 'round bed', 'round desk']","['对于温暖的气候来说，布置显得有些沉重。房间相当大，摆放着大椅子和一张铺着绿色绒布桌布的小桌子。', '对于温暖的气候来说，布置显得有些沉重。房间相当大，摆放着大椅子和一张铺着绿色绒布桌布的大桌子。', '对于温暖的气候来说，这里的布置显得有些沉重。房间相当大，摆放着大椅子和一张铺着绿色绒布床罩的圆床。', '对于温暖的气候来说，这里的布置显得有些沉重。房间相当大，摆放着大椅子和一张铺着绿色绒布桌布的圆桌。']","['小桌子', '大桌子', '圆床', '圆桌']",['圆桌'],"{'round desk': 'NO\nDifferent translations: <round table: 圆桌, round desk: 圆桌>.'}",
29,The crisis stems from millions of mortgages given in recent years to home-buyers with poor credit or unstable finances. The result has been a tidal wave of foreclosures that have incurred massive losses on financial institutions and some insurance firms.,tidal wave,此次危机源于近年来数百万笔抵押贷款发放给信用不良或财务状况不稳定的购房者。结果导致大量房屋止赎，给金融机构和一些保险公司带来了巨额损失。,[''],['The crisis stems from millions of mortgages given in recent years to home-buyers with poor credit or unstable finances. The result has been a tidal cycle of foreclosures that have incurred massive losses on financial institutions and some insurance firms.'],['tidal cycle'],['此次危机源于近年来数百万笔抵押贷款发放给信用不良或财务状况不稳定的购房者。结果导致止赎潮一再出现，给金融机构和一些保险公司带来了巨额损失。'],[''],[''],{'tidal cycle': 'NO\nDifferent translations: \ntidal wave: 海啸 \ntidal cycle: 潮汐循环'},
30,"(1) refusing an on-site inspection by the competent department of environmental protection administration or another department invested by law with power to conduct environmental supervision and management, or resorting to trickery and fraud while undergoing inspection;",environmental protection,（一）拒绝环境保护行政主管部门或者其他依法具有环境监督管理权的部门现场检查，或者接受检查时采取欺骗手段的；,['环境保护'],"['(1) refusing an on-site inspection by the competent department of environmental control administration or another department invested by law with power to conduct environmental supervision and management, or resorting to trickery and fraud while undergoing inspection;']",['environmental control'],['（一）拒绝环境保护行政主管部门或者其他依法具有环境监督管理权的部门现场检查，或者接受检查时采取欺骗手段的；'],['环境保护'],['环境保护'],"{'environmental control': 'NO\nDifferent translations: <environmental protection: 环境保护, environmental control: 环境控制>'}",
31,"About a quarter work more than 6hours a week, according to official figures, though the real number may higher.",real number,根据官方数据，大约四分之一的人每周工作时间超过 6 小时，但实际数字可能更高。,['实际数字'],"['About a quarter work more than 6hours a week, according to official figures, though the real rate may higher.', 'About a quarter work more than 6hours a week, according to official figures, though the real figure may higher.']","['real rate', 'real figure']","['根据官方数据，大约四分之一的人每周工作时间超过 6 小时，但实际比例可能更高。', '根据官方数据，大约四分之一的人每周工作时间超过 6 小时，但实际数字可能更高。']","['实际比例', '实际数字']",['实际数字'],"{'real figure': 'NO\nDifferent translations: <real number: 实际数字, real figure: 实际数字>'}",
32,"In this repori,we examined pulse rate and body temperature by the routine method,reviewed symptom and sign on 21 fighter pilots,in the preparatory day and flying training day.",body temperature,"本文对21名歼击机飞行员在飞行准备日及飞行训练日按常规方法测量脉率、体温,并回顾性分析其症状体征。",['体温'],"['In this repori,we examined pulse rate and air temperature by the routine method,reviewed symptom and sign on 21 fighter pilots,in the preparatory day and flying training day.']",['air temperature'],['本文对21名歼击机飞行员在飞行准备日及飞行训练日，按常规方法测量脉率、体温，回顾性分析其症状体征。'],['体温'],['体温'],"{'air temperature': 'NO\nDifferent translations: <body temperature: 体温, air temperature: 空气温度>.'}",
33,Air China and Star Alliance signed a memorandum of understanding Monday to make the invitation for the Chinese company to join the alliance official.,memorandum of understanding,中国国际航空与星空联盟周一签署谅解备忘录，正式邀请中国公司加入星空联盟。,['谅解备忘录'],['Air China and Star Alliance signed a memorandum of agreement Monday to make the invitation for the Chinese company to join the alliance official.'],['memorandum of agreement'],['中国国际航空与星空联盟周一签署谅解备忘录，正式邀请中国公司加入星空联盟。'],['谅解备忘录'],['谅解备忘录'],"{'memorandum of agreement': 'NO\nDifferent translations: <memorandum of understanding: 谅解备忘录, memorandum of agreement: 协议备忘录>'}",
34,"Exposing ourselves to traditional Japanese aesthetic ideas — notions that may seem quite foreign to most of us — is a good exercise in lateral thinking, a term coined by Edward de Bono in 1967.",lateral thinking,接触传统的日本美学理念（对我们大多数人来说可能相当陌生）是锻炼横向思维的一个很好的方法，横向思维是爱德华·德·博诺 (Edward de Bono) 于 1967 年创造的一个术语。,['横向思维，横向'],"['Exposing ourselves to traditional Japanese aesthetic ideas — notions that may seem quite foreign to most of us — is a good exercise in lateral thought, a term coined by Edward de Bono in 1967.']",['lateral thought'],['接触传统的日本美学理念（对我们大多数人来说可能相当陌生）是锻炼横向思维的一个很好的方法，横向思维是爱德华·德·博诺 (Edward de Bono) 于 1967 年创造的一个术语。'],['横向思维，横向'],['横向思维，横向'],"{'lateral thought': 'NO\nDifferent translations: <lateral thinking: 横向思维, lateral thought: 横向思维>'}",
35,"And unto this people thou shalt say, Thus saith the LORD; Behold, I set before you the way of life, and the way of death.",way of life,你要对这百姓说，耶和华如此说。看哪，我将生命的道路和死亡的道路摆在你们面前。,['生命的道路'],"['And unto this people thou shalt say, Thus saith the LORD; Behold, I set before you the path of life, and the way of death.']",['path of life'],['你要对这百姓说，耶和华如此说。看哪，我将生命的道路和死亡的道路摆在你们面前。'],['生命的道路'],['生命的道路'],"{'path of life': 'NO\nDifferent translations: <way of life: 生命的道路, path of life: 生命的路径>'}",
36,"Soon after the September 18th Incident, a tidal wave for Constitution Movement rose in China.",tidal wave,九一八事变后不久，中国境内兴起了立宪运动的浪潮。,['浪潮'],"['Soon after the September 18th Incident, a tidal tide for Constitution Movement rose in China.']",['tidal tide'],['九一八事变后不久，中国境内兴起了立宪运动的浪潮。'],['浪潮'],['浪潮'],"{'tidal tide': 'NO\nDifferent translations: <tidal wave: 海啸, tidal tide: 潮汐>'}",
37,"The way to measure fuel ingredient contents by Gas Chromatography technology was determined, i. e. the contents of the sensitive fuel C was tested by means of calibration curve with ethyl acetate as solvent;",ethyl acetate,确定了用气相色谱技术测定燃料成分含量的方法，即以乙酸乙酯为溶剂，利用校准曲线测定敏感燃料C的含量；,['乙酸乙酯'],"['The way to measure fuel ingredient contents by Gas Chromatography technology was determined, i. e. the contents of the sensitive fuel C was tested by means of calibration curve with diethyl acetate as solvent;']",['diethyl acetate'],['确定了用气相色谱技术测定燃料成分含量的方法，即以乙酸乙酯为溶剂，通过校准曲线测定敏感燃料C的含量；'],['乙酸乙酯'],['乙酸乙酯'],"{'diethyl acetate': 'NO\nDifferent translations: <ethyl acetate: 乙酸乙酯, diethyl acetate: 乙酸二乙酯>'}",
38,ACom paritive Study on the Distribution of A ChE-positive and VIP-imm unoreactive Nervesin SmallIntestine of Guinea Pig and Rat: ACom bined Histoche micaland Immunohistochemical Observation,guinea pig,豚鼠和大鼠小肠A ChE阳性和VIP-imm非反应性神经素分布的ACom对比研究：ACom结合组织化学和免疫组织化学观察,['豚鼠'],"['ACom paritive Study on the Distribution of A ChE-positive and VIP-imm unoreactive Nervesin SmallIntestine of a Pig and Rat: ACom bined Histoche micaland Immunohistochemical Observation', 'ACom paritive Study on the Distribution of A ChE-positive and VIP-imm unoreactive Nervesin SmallIntestine of Guinea mouse and Rat: ACom bined Histoche micaland Immunohistochemical Observation', 'ACom paritive Study on the Distribution of A ChE-positive and VIP-imm unoreactive Nervesin SmallIntestine of Guinea rabbit and Rat: ACom bined Histoche micaland Immunohistochemical Observation']","['a Pig', 'Guinea mouse', 'Guinea rabbit']","['猪和大鼠小肠 A ChE 阳性和 VIP-imm 无反应性神经素分布的 ACom 对比研究：ACom 结合组织化学和免疫组织化学观察', '豚鼠和大鼠A ChE阳性和VIP-imm无反应性神经素小肠分布的ACom对比研究：ACom结合组织化学和免疫组织化学观察', '豚鼠和大鼠A ChE阳性和VIP-imm无反应性神经素小肠分布的ACom对比研究：ACom结合组织化学和免疫组织化学观察']","['猪', '豚鼠', '豚鼠']",['豚鼠'],"{'Guinea mouse': 'NO\nDifferent translations: <Guinea Pig: 豚鼠, Guinea mouse: 几内亚老鼠>', 'Guinea rabbit': ""NO\nDifferent translations: <Guinea Pig: ['豚鼠'], Guinea rabbit: ['几内亚兔']>""}",
39,"Faced with the situation of few personnel in scientific research and poor conditions for experiments, the first generation of staffs began an arduous journey of creation and innovation with their wisdom and hard works and became the vanguard of dairy industry in China.",scientific research,面对科研人员稀少、实验条件恶劣的局面，第一代人凭借自己的智慧和辛勤劳动，开始了艰苦卓绝的创造创新之旅，成为了中国乳业的排头兵。,['科研人员'],"['Faced with the situation of few personnel in scientific fields and poor conditions for experiments, the first generation of staffs began an arduous journey of creation and innovation with their wisdom and hard works and became the vanguard of dairy industry in China.']",['scientific fields'],['面对科研人员稀少、实验条件恶劣的局面，第一代人凭借自己的智慧和辛勤劳动，开始了艰苦卓绝的创造创新之旅，成为中国乳业的排头兵。'],['科研人员'],['科研人员'],"{'scientific fields': 'NO\nDifferent translations: <scientific research: 科研, scientific fields: 科学领域>'}",
40,"Results The thickness of aorta(ADT),rate of aortic diameter change(ΔAD),systolic pressure(SBP),pulse pressure(PBP),nitric oxide(NO),ROS,intima-media thickness(T),diameter(D),the content of smooth muscel cell 〔SMC(Aa%)〕,the content of collagen〔CF(Aa%)〕,the content of hydroxyproline(HC)and maximal dilatory response to Ach(Emax)were correlated with age closely.",nitric oxide,结果主动脉厚度(ADT)、主动脉内径变化率(ΔAD)、收缩压(SBP)、脉压(PBP)、一氧化氮(NO)、ROS、内膜中层厚度(T)、内径(D)、平滑肌细胞含量〔SMC(Aa%)〕、胶原含量〔CF(Aa%)〕、羟脯氨酸(HC)含量、乙酰胆碱最大舒张反应(Emax)与年龄密切相关。,['脉压(PBP)、一氧化氮(NO)、ROS、内膜中层'],"['Results The thickness of aorta(ADT),rate of aortic diameter change(ΔAD),systolic pressure(SBP),pulse pressure(PBP),nitric acid(NO),ROS,intima-media thickness(T),diameter(D),the content of smooth muscel cell 〔SMC(Aa%)〕,the content of collagen〔CF(Aa%)〕,the content of hydroxyproline(HC)and maximal dilatory response to Ach(Emax)were correlated with age closely.']",['nitric acid'],['结果主动脉厚度(ADT)、主动脉内径变化率(ΔAD)、收缩压(SBP)、脉压(PBP)、一氧化氮(NO)、ROS、内膜中层厚度(T)、内膜中层直径(D)、平滑肌细胞含量〔SMC(Aa%)〕、胶原含量〔CF(Aa%)〕、羟脯氨酸(HC)含量、乙酰胆碱最大舒张反应(Emax)与年龄密切相关。'],['脉压(PBP)、一氧化氮(NO)、ROS、内膜'],['脉压(PBP)、一氧化氮(NO)、ROS、内膜中层'],{},
41,At what age do most students graduate from secondary school?,secondary school,大多数学生在什么年龄从中学毕业？,['中学毕业？'],['At what age do most students graduate from secondary education?'],['secondary education'],['大多数学生在什么年龄从中学毕业？'],['中学毕业？'],['中学毕业？'],{'secondary education': 'NO\nDifferent translations: \nsecondary school: 中学\nsecondary education: 中等教育'},
42,"Any shipper or passenger may, on voluntary basis, buy insurance policy for transport of goods at an insurance agency and the insurance agency shall be liable for indemnity in conformity with the agreement as stated in the insurance contract.",insurance policy,托运人、旅客可以自愿向保险机构投保货物运输保险，保险机构按照保险合同的约定承担赔偿责任。,['保险'],"['Any shipper or passenger may, on voluntary basis, buy a policy for transport of goods at an insurance agency and the insurance agency shall be liable for indemnity in conformity with the agreement as stated in the insurance contract.']",['a policy'],['托运人、旅客可以自愿向保险公司购买货物运输保险，保险公司按照保险合同的约定承担赔偿责任。'],['保险'],['保险'],"{'a policy': 'NO\nDifferent translations: <insurance policy: 保险单, a policy: 一项政策>'}",
43,"A few years ago Cimentos de Mo çambique was accused of environmental pollution at this plant, which led to its temporary closure, following a campaign by environmental protection organizations.",environmental protection,几年前，莫桑比克水泥公司被指控该工厂污染环境，在环保组织的呼吁下，该工厂被暂时关闭。,['环保'],"['A few years ago Cimentos de Mo çambique was accused of environmental pollution at this plant, which led to its temporary closure, following a campaign by environmental advocacy organizations.']",['environmental advocacy'],['几年前，莫桑比克水泥公司的该工厂被指控污染环境，在环保组织的呼吁下，该工厂被暂时关闭。'],['环保'],['环保'],"{'environmental advocacy': 'NO\nDifferent translations: <environmental protection: 环境保护, environmental advocacy: 环境倡导>'}",
44,"Abstract: The author introduced procreate and effect factors of motor vehicle pollution,and its dangerous to health.Then,analyzed the causes of Guangzhou′s automobile pollution.At last,the author put forward some countermeasures of reducing automobile pollution.",motor vehicle,摘要：介绍了机动车污染的产生、影响因素及其对健康的危害，分析了广州市汽车污染的成因，最后提出了减少汽车污染的对策。,['机动车'],"['Abstract: The author introduced procreate and effect factors of reducing vehicle pollution,and its dangerous to health.Then,analyzed the causes of Guangzhou′s automobile pollution.At last,the author put forward some countermeasures of reducing automobile pollution.', 'Abstract: The author introduced procreate and effect factors of driving vehicle pollution,and its dangerous to health.Then,analyzed the causes of Guangzhou′s automobile pollution.At last,the author put forward some countermeasures of reducing automobile pollution.', 'Abstract: The author introduced procreate and effect factors of motor car pollution,and its dangerous to health.Then,analyzed the causes of Guangzhou′s automobile pollution.At last,the author put forward some countermeasures of reducing automobile pollution.']","['reducing vehicle', 'driving vehicle', 'motor car']","['摘要：介绍了减少汽车污染的产生和影响因素及其对健康的危害，分析了广州市汽车污染的原因，最后提出了减少汽车污染的对策。', '摘要：介绍了机动车污染的产生、影响因素及其对健康的危害，分析了广州市汽车污染的成因，最后提出了减少汽车污染的对策。', '摘要：介绍了机动车污染的产生、影响因素及其对健康的危害，分析了广州市汽车污染的成因，最后提出了减少汽车污染的对策。']","['减少汽车', '机动车', '机动车']",['机动车'],"{'driving vehicle': ""NO\nDifferent translations: <motor vehicle: ['机动车'], driving vehicle: ['驾驶车辆']>"", 'motor car': 'YES'}",
45,The second section mainly discusses basic theories of the science-tech progress and sustainable development of area's industry.,sustainable development,第二部分主要探讨区域产业科技进步与可持续发展的基本理论。,['持续发展'],"[""The second section mainly discusses basic theories of the science-tech progress and sustainable growth of area's industry.""]",['sustainable growth'],['第二部分主要探讨区域产业科技进步与可持续发展的基本理论。'],['持续发展'],['持续发展'],"{'sustainable growth': 'NO\nDifferent translations: <sustainable development: 可持续发展, sustainable growth: 可持续增长>'}",
46,"Article 194 If it is needed to conduct a technical examination for the application for re-examination, the SDA shall organize the relevant professionals to carry it out pursuant to the original application time limit.",time limit,第一百九十四条 复审申请需要进行技术审查的，国家药品监督管理局应当组织相关专业人员按照原申请期限进行。,['期限。'],"['Article 194 If it is needed to conduct a technical examination for the application for re-examination, the SDA shall organize the relevant professionals to carry it out pursuant to the original application time frame.', 'Article 194 If it is needed to conduct a technical examination for the application for re-examination, the SDA shall organize the relevant professionals to carry it out pursuant to the original application time period.']","['time frame', 'time period']","['第一百九十四条 复审申请需要进行技术审查的，国家药品监督管理局应当组织有关专业人员按照原申请时限进行。', '第一百九十四条 复审申请需要进行技术审查的，国家药品监督管理局应当组织有关专业人员按照原申请期限进行。']","['时限。', '期限。']",['期限。'],"{'time period': 'NO\nDifferent translations: \ntime limit: 期限, time period: 时间段。'}",
47,"Mr. Greenspan also indicated overnight interest rates, which the central bank raised six times since last June, will continue to rise. He said the increases have not hurt the economy.",central bank,格林斯潘还表示，隔夜利率将继续上升。自去年六月以来，央行已六次上调隔夜利率。他表示，利率上调并未损害经济。,['央行'],"['Mr. Greenspan also indicated overnight interest rates, which the central government raised six times since last June, will continue to rise. He said the increases have not hurt the economy.']",['central government'],['格林斯潘还表示，隔夜利率将继续上涨。自去年六月以来，央行已六次上调隔夜利率。他表示，利率上调并未损害经济。'],['央行'],['央行'],"{'central government': 'NO\nDifferent translations: <central bank: 央行, central government: 中央政府>'}",
48,"Grasso's shop, with two employees, is just one of 14 retailers on the ground floor of Hamilton Square, a new apartment building.",ground floor,格拉索的商店有两名员工，是新公寓大楼汉密尔顿广场一楼 14 家零售商之一。,['一楼'],"[""Grasso's shop, with two employees, is just one of 14 retailers on the top floor of Hamilton Square, a new apartment building."", ""Grasso's shop, with two employees, is just one of 14 retailers on the second floor of Hamilton Square, a new apartment building."", ""Grasso's shop, with two employees, is just one of 14 retailers on the first floor of Hamilton Square, a new apartment building."", ""Grasso's shop, with two employees, is just one of 14 retailers on the third floor of Hamilton Square, a new apartment building.""]","['top floor', 'second floor', 'first floor', 'third floor']","['格拉索的商店有两名员工，是新公寓楼汉密尔顿广场顶层 14 家零售商之一。', '格拉索的商店有两名员工，是新公寓楼汉密尔顿广场二楼 14 家零售商之一。', '格拉索的商店有两名员工，是新公寓楼汉密尔顿广场一楼 14 家零售商之一。', '格拉索的商店有两名员工，是新公寓大楼汉密尔顿广场三楼 14 家零售商之一。']","['顶层', '二楼', '一楼', '三楼']",['一楼'],"{'first floor': 'NO\nDifferent translations: <ground floor: 底楼, first floor: 一楼>'}",
49,"Article 44 Business operators who refuse to provide materials needed for price monitoring and checking or provide false materials shall be ordered to correct, with a warning. Whereas they refuse to correct within the prescribed time limit, a fine shall be imposed.",time limit,第四十四条 经营者拒绝提供价格监控所需材料或者提供虚假材料的，责令改正，给予警告。逾期拒不改正的，处以罚款。,['逾期，'],"['Article 44 Business operators who refuse to provide materials needed for price monitoring and checking or provide false materials shall be ordered to correct, with a warning. Whereas they refuse to correct within the prescribed price limit, a fine shall be imposed.', 'Article 44 Business operators who refuse to provide materials needed for price monitoring and checking or provide false materials shall be ordered to correct, with a warning. Whereas they refuse to correct within the prescribed time frame, a fine shall be imposed.', 'Article 44 Business operators who refuse to provide materials needed for price monitoring and checking or provide false materials shall be ordered to correct, with a warning. Whereas they refuse to correct within the prescribed time period, a fine shall be imposed.']","['price limit', 'time frame', 'time period']","['第四十四条 经营者拒绝提供价格监测检查所需资料或者提供虚假资料的，责令改正，给予警告；在规定的价格限额内拒不改正的，处以罚款。', '第四十四条 经营者拒绝提供价格监测检查所需资料或者提供虚假资料的，责令改正，给予警告；逾期不改正的，处以罚款。', '第四十四条 经营者拒绝提供价格监测检查所需资料或者提供虚假资料的，责令改正，给予警告；逾期不改正的，处以罚款。']","['价格限额，', '逾期，', '逾期，']",['逾期，'],"{'time frame': ""NO\nDifferent translations: time limit: ['逾期，'], time frame: ['时间范围，']"", 'time period': 'NO\nDifferent translations: <time limit: 逾期, time period: 时间段>'}",
50,Article 29 A foreign-funded insurance company that applies for the establishment of a branch shall satisfy the following requirements:,insurance company,第二十九条 外资保险公司申请设立分支机构，应当具备下列条件：,['保险公司'],"['Article 29 A foreign-funded private company that applies for the establishment of a branch shall satisfy the following requirements:', 'Article 29 A foreign-funded public company that applies for the establishment of a branch shall satisfy the following requirements:', 'Article 29 A foreign-funded insurance scheme that applies for the establishment of a branch shall satisfy the following requirements:', 'Article 29 A foreign-funded insurance policy that applies for the establishment of a branch shall satisfy the following requirements:', 'Article 29 A foreign-funded insurance plan that applies for the establishment of a branch shall satisfy the following requirements:']","['private company', 'public company', 'insurance scheme', 'insurance policy', 'insurance plan']","['第二十九条 外商投资私营公司申请设立分公司，应当具备下列条件：', '第二十九条 外商投资公众公司申请设立分支机构，应当具备下列条件：', '第二十九条 外资保险机构申请设立分支机构，应当具备下列条件：', '第二十九条 外资保险公司申请设立分支机构，应当具备下列条件：', '第二十九条 外资保险公司申请设立分支机构，应当具备下列条件：']","['私营公司', '公众公司', '外资保险机构', '保险公司', '保险公司']",['保险公司'],"{'insurance policy': 'NO\nDifferent translations: <insurance company: 保险公司, insurance policy: 保险政策>', 'insurance plan': 'NO\nDifferent translations: <insurance company: 保险公司, insurance plan: 保险计划>'}",
51,Comparison study on hemostasis means of vascular seam and by-hand oppress in patients with coronary heart disease after percutaneous transluminal intervention,coronary heart disease,冠心病患者介入治疗后血管缝合与手压止血方法的对比研究,['冠心病'],['Comparison study on hemostasis means of vascular seam and by-hand oppress in patients with coronary heart failure after percutaneous transluminal intervention'],['coronary heart failure'],['冠心病患者介入治疗后血管缝合与手压止血方法的对比研究'],['冠心病'],['冠心病'],"{'coronary heart failure': 'NO\nDifferent translations: <coronary heart disease: 冠心病, coronary heart failure: 冠心衰竭>'}",
52,"(2) where the act by a citizen, legal person or other organization itself causes damage;",legal person,（2）公民、法人或者其他组织的行为本身造成损害的；,['法人'],"['(2) where the act by a citizen, legal entity or other organization itself causes damage;', '(2) where the act by a citizen, legal party or other organization itself causes damage;']","['legal entity', 'legal party']","['（2）公民、法人或者其他组织的行为本身造成损害的；', '（二）公民、法人或者其他组织的行为本身造成损害的；']","['法人', '法人']",['法人'],"{'legal entity': 'YES', 'legal party': 'NO\nDifferent translations: <legal person: 法人, legal party: 法定当事人>'}",
53,"When I studied kung fu, I heard a story of a second-degree black belt who had disabled someone trying to steal her purse at a bus stop.",bus stop,我在学习功夫的时候听说过一个故事，一位二级黑带在公交车站打伤了试图偷她钱包的人。,['公交车站。'],"['When I studied kung fu, I heard a story of a second-degree black belt who had disabled someone trying to steal her purse at a truck stop.', 'When I studied kung fu, I heard a story of a second-degree black belt who had disabled someone trying to steal her purse at a rest stop.', 'When I studied kung fu, I heard a story of a second-degree black belt who had disabled someone trying to steal her purse at a bus station.']","['truck stop', 'rest stop', 'bus station']","['在我学习功夫的时候，我听说过一个故事，一位二级黑带选手在卡车停靠站打伤了试图偷她钱包的人。', '我在学习功夫的时候听说过一个故事，一位二级黑带在休息站打伤了试图偷她钱包的人。', '我在学习功夫的时候听说过一个故事，一位二级黑带在公交车站打伤了试图偷她钱包的人。']","['卡车停靠站。', '休息站。', '公交车站。']",['公交车站。'],"{'bus station': 'NO\nDifferent translations: <bus stop: 公交车站, bus station: 公交车站>'}",
54,"""The pork is the biggest user of soybean products. Corn, its biggest user is beef cattle. So with all due respect, everybody keeps an eye on what type of crop you are raising because it really affects the bottom line of livestock producers in this state,"" said Nelson.",bottom line,“猪肉是大豆产品的最大用户。玉米，其最大的用户是肉牛。所以恕我直言，每个人都会关注你种植的作物类型，因为它确实影响到该州畜牧生产者的底线，”尼尔森说。,['底线'],"['""The pork is the biggest user of soybean products. Corn, its biggest user is beef cattle. So with all due respect, everybody keeps an eye on what type of crop you are raising because it really affects the bottom end of livestock producers in this state,"" said Nelson.', '""The pork is the biggest user of soybean products. Corn, its biggest user is beef cattle. So with all due respect, everybody keeps an eye on what type of crop you are raising because it really affects the bottom half of livestock producers in this state,"" said Nelson.']","['bottom end', 'bottom half']","['“猪肉是大豆产品的最大用户。玉米，其最大的用户是肉牛。所以恕我直言，每个人都会关注你种植的是什么类型的作物，因为它确实影响到该州畜牧生产者的底线，”尼尔森说。', '“猪肉是大豆产品的最大用户。玉米，其最大的用户是肉牛。所以恕我直言，每个人都会关注你种植的是什么类型的作物，因为它确实影响到该州畜牧生产者收入的下半部分，”尼尔森说。']","['底线', '下半']",['底线'],"{'bottom end': 'NO\nDifferent translations: <bottom line: 底线, bottom end: 底端>.'}",
55,"People realize that education quality is the key to the sustainable development of network education, and a well quality is the core competence for the network school's expansion.",sustainable development,人们认识到教育质量是网络教育可持续发展的关键，良好的教育质量是网络学校发展的核心竞争力。,['持续发展'],"[""People realize that education quality is the key to the sustainable growth of network education, and a well quality is the core competence for the network school's expansion."", ""People realize that education quality is the key to the sustainable success of network education, and a well quality is the core competence for the network school's expansion.""]","['sustainable growth', 'sustainable success']","['人们认识到教育质量是网络教育可持续发展的关键，良好的教育质量是网络学校发展的核心竞争力。', '人们认识到教育质量是网络教育持续成功的关键，良好的教育质量是网络学校发展的核心竞争力。']","['持续发展', '持续成功']",['持续发展'],"{'sustainable growth': 'NO\nDifferent translations: <sustainable development: 可持续发展, sustainable growth: 可持续增长>'}",
56,"""When, owing to force majeure, an inward or outward vessel or aircraft is forced to berth, land or jettison and discharge goods and articles at a place without a Customs establishment""",force majeure,“因不可抗力，进出境船舶、航空器被迫在无海关地点停泊、降落或者抛卸货物、物品时”,['不可抗力，'],"['""When, owing to state majeure, an inward or outward vessel or aircraft is forced to berth, land or jettison and discharge goods and articles at a place without a Customs establishment""']",['state majeure'],['“因不可抗力原因，进出境船舶、航空器被迫在无海关地点停泊、降落或者抛卸货物、物品时”'],['不可抗力，'],['不可抗力，'],"{'state majeure': 'NO\nDifferent translations: <force majeure: 不可抗力, state majeure: 国家不可抗力>'}",
57,"CSR is a crucial factor in harmonious development of economy and society, and it is also an important guide line of sustainable development to corporate.",sustainable development,企业社会责任是经济与社会和谐发展的重要因素，也是企业可持续发展的重要指引。,['持续发展'],"['CSR is a crucial factor in harmonious development of economy and society, and it is also an important guide line of sustainable growth to corporate.']",['sustainable growth'],['企业社会责任是经济与社会和谐发展的重要因素，也是企业可持续发展的重要指引。'],['持续发展'],['持续发展'],"{'sustainable growth': 'NO\nDifferent translations: <sustainable development: 可持续发展, sustainable growth: 可持续增长>'}",
58,"As to the series of Jielaili industrial cleasing papers, most of them adopt NBKP or pure non-woven fabrics, which possess strong absorption without hurting objects' surface, dropping soft flocks, generating static electricity or polluting the environment, can meet various industrial requirements, and are the best choice to enhance work efficiency and reduce labor costs.",static electricity,洁来利系列工业清洁纸，大部分采用NBKP或纯无纺布，吸附力强，不伤物体表面，不掉毛，不产生静电，不污染环境，可满足各种工业要求，是提高工作效率、降低人工成本的最佳选择。,['静电'],"[""As to the series of Jielaili industrial cleasing papers, most of them adopt NBKP or pure non-woven fabrics, which possess strong absorption without hurting objects' surface, dropping soft flocks, generating static heat or polluting the environment, can meet various industrial requirements, and are the best choice to enhance work efficiency and reduce labor costs."", ""As to the series of Jielaili industrial cleasing papers, most of them adopt NBKP or pure non-woven fabrics, which possess strong absorption without hurting objects' surface, dropping soft flocks, generating static energy or polluting the environment, can meet various industrial requirements, and are the best choice to enhance work efficiency and reduce labor costs.""]","['static heat', 'static energy']","['洁来利系列工业清洁纸，大部分采用NBKP或纯无纺布，吸附力强，不伤物体表面，不掉软毛，不产生静电，不污染环境，可满足各种工业要求，是提高工作效率、降低人工成本的最佳选择。', '洁来利系列工业清洁纸，大部分采用NBKP或纯无纺布，吸附力强，不伤物体表面，不掉落柔软绒毛，不产生静电，不污染环境，可满足各种工业要求，是提高工作效率、降低人工成本的最佳选择。']","['静电', '静电']",['静电'],"{'static heat': 'NO\nDifferent translations: <static electricity: 静电, static heat: 静热>', 'static energy': 'NO\nDifferent translations: <static electricity: 静电, static energy: 静能量>.'}",
59,"Rupert Pupkin, kidnapping king of comedy... was sentenced to six$ years imprisonment... at the government's minimum security facility... in Allenwood, Pennsylvania, for his part... in the abduction of talk show hostJerry Langford.",talk show,绑架喜剧之王鲁珀特·普普金（Rupert Pupkin）……因绑架脱口秀主持人杰里·兰福德（Jerry Langford）而被判处六年监禁……在宾夕法尼亚州艾伦伍德的政府最低安全设施中……。,['脱口秀'],"[""Rupert Pupkin, kidnapping king of comedy... was sentenced to six$ years imprisonment... at the government's minimum security facility... in Allenwood, Pennsylvania, for his part... in the abduction of game show hostJerry Langford."", ""Rupert Pupkin, kidnapping king of comedy... was sentenced to six$ years imprisonment... at the government's minimum security facility... in Allenwood, Pennsylvania, for his part... in the abduction of talk radio hostJerry Langford.""]","['game show', 'talk radio']","['绑架喜剧之王鲁珀特·普普金……因绑架游戏节目主持人杰里·兰福德而被判处六年监禁……在宾夕法尼亚州艾伦伍德的政府最低安全设施中……。', '绑架喜剧之王鲁珀特·普普金（Rupert Pupkin）...因绑架脱口秀主持人杰里·兰福德（Jerry Langford）而被判处六年监禁...在宾夕法尼亚州艾伦伍德的政府最低安全设施中...。']","['游戏节目', '脱口秀']",['脱口秀'],"{'talk radio': 'NO\nDifferent translations: <talk show: 脱口秀, talk radio: 脱口秀>.'}",
60,"(1). the name, sex, age, nationality, occupation, employer and address of the party, or the name, address and name and position of the legal representative or principal person in charge of the legal person or other organization;",legal person,(1).当事人的姓名、性别、年龄、国籍、职业、工作单位、住所，或者法人或者其他组织的法定代表人或者主要负责人的姓名、地址、姓名和职务；,[''],"['(1). the name, sex, age, nationality, occupation, employer and address of the party, or the name, address and name and position of the legal representative or principal person in charge of the legal party or other organization;']",['legal party'],['（一）当事人的姓名、性别、年龄、国籍、职业、工作单位、住所，或者法人或者其他组织的姓名、住所、法定代表人或者主要负责人的名称、职务；'],[''],[''],"{'legal party': 'NO\nDifferent translations: legal person: 法人, legal party: 法定当事人'}",
61,(a) in the case of a document to be served on a body corporate by delivering it to the secretary of the body at its registered or principal office or sending it by registered post or the recorded delivery service addressed to the secretary of that body at that office;,body corporate,（a）如果文件需送达法人团体，则可将文件送交该法人团体的注册或主要办事处的秘书，或通过挂号信或记录派递服务将其寄送至该法人团体的秘书办事处；,['法人团体'],"['(a) in the case of a document to be served on a company corporate by delivering it to the secretary of the body at its registered or principal office or sending it by registered post or the recorded delivery service addressed to the secretary of that body at that office;', '(a) in the case of a document to be served on a document corporate by delivering it to the secretary of the body at its registered or principal office or sending it by registered post or the recorded delivery service addressed to the secretary of that body at that office;', '(a) in the case of a document to be served on a corporation corporate by delivering it to the secretary of the body at its registered or principal office or sending it by registered post or the recorded delivery service addressed to the secretary of that body at that office;', '(a) in the case of a document to be served on a person corporate by delivering it to the secretary of the body at its registered or principal office or sending it by registered post or the recorded delivery service addressed to the secretary of that body at that office;']","['company corporate', 'document corporate', 'corporation corporate', 'person corporate']","['（a）对于需要向公司法人送达的文件，可通过将文件送交至公司法人注册办事处或主要办事处的秘书，或通过挂号信或记录派递服务将其寄送至该办事处的秘书；', '(a) 如果文件是向法人送达的，则将文件送交该机构的注册或主要办事处的秘书，或通过挂号信或记录派递服务将其寄送至该机构的秘书办事处；', '（a） 如果文件需送达法人团体，则可将文件送交该团体的注册或主要办事处的秘书，或通过挂号信或记录派递服务寄送至该团体的秘书；', '(a) 如果文件需送达给法人，则应将其送交至该机构的注册或主要办事处的秘书，或通过挂号信或记录派递服务将其寄送至该机构的秘书办事处；']","['公司法人', '法人', '法人团体', '法人']",['法人团体'],"{'corporation corporate': 'NO\nDifferent translations: <body corporate: 法人团体, corporation corporate: 公司法人>'}",
62,The urban riverfront area is becoming more and more vigorous in China. The urban riverfront area also becomes the hot spot in the landscape plan and design.,hot spot,城市滨河区在我国正变得越来越有活力，城市滨河区也成为景观规划设计的热点。,['热点'],['The urban riverfront area is becoming more and more vigorous in China. The urban riverfront area also becomes the hot topic in the landscape plan and design.'],['hot topic'],['城市滨河区在我国正变得越来越有活力，城市滨河区也成为景观规划设计的热点。'],['热点'],['热点'],"{'hot topic': 'NO\nDifferent translations: <hot spot: 热点, hot topic: 热门话题>'}",
63,You might be waiting a while for one of these to pull up at the local bus stop.,bus stop,您可能需要等待一段时间才能等到其中一辆巴士在当地的公交车站停靠。,['公交车站。'],"['You might be waiting a while for one of these to pull up at the local rest stop.', 'You might be waiting a while for one of these to pull up at the local truck stop.', 'You might be waiting a while for one of these to pull up at the local bus station.']","['rest stop', 'truck stop', 'bus station']","['您可能需要等待一段时间才能看到其中一辆车辆抵达当地的休息站。', '您可能需要等待一段时间才能看到其中一辆卡车停在当地的卡车停靠站。', '您可能需要等待一段时间才能等到其中一辆巴士在当地的公交车站停靠。']","['休息站。', '卡车停靠站。', '公交车站。']",['公交车站。'],"{'bus station': 'NO\nDifferent translations: <bus stop: 公交车站, bus station: 公交车站>'}",
64,Study on the flow conditions at the entrance area of shiplock approach channel in hydro-power station,power station,水电站船闸引航道口门区水流条件研究,['水电站'],['Study on the flow conditions at the entrance area of shiplock approach channel in hydro-electric station'],['electric station'],['水电站船闸引航道口门区水流条件研究'],['水电站'],['水电站'],"{'electric station': 'NO\nDifferent translations: <power station: 发电站, electric station: 电站>'}",
65,"It is also the strongest typhoon to hit Hainan since 2005, said Cai Qinbo, head of the provincial weather station.",weather station,省气象台台长蔡钦波说，这也是2005年以来袭击海南的最强台风。,['气象台。'],"['It is also the strongest typhoon to hit Hainan since 2005, said Cai Qinbo, head of the provincial radio station.', 'It is also the strongest typhoon to hit Hainan since 2005, said Cai Qinbo, head of the provincial television station.', 'It is also the strongest typhoon to hit Hainan since 2005, said Cai Qinbo, head of the provincial police station.', 'It is also the strongest typhoon to hit Hainan since 2005, said Cai Qinbo, head of the provincial weather department.', 'It is also the strongest typhoon to hit Hainan since 2005, said Cai Qinbo, head of the provincial weather agency.']","['radio station', 'television station', 'police station', 'weather department', 'weather agency']","['省人民广播电台台长蔡钦波说，这也是2005年以来袭击海南的最强台风。', '省电视台台长蔡钦波说，这也是2005年以来袭击海南的最强台风。', '省公安厅厅长蔡钦波说，这也是2005年以来袭击海南岛的最强台风。', '省气象部门负责人蔡钦波说，这也是2005年以来袭击海南的最强台风。', '海南省气象台台长蔡钦波说，这也是2005年以来袭击海南的最强台风。']","['广播电台。', '电视台。', '省公安厅。', '气象部门。', '气象台。']",['气象台。'],"{'weather agency': 'NO\nDifferent translations: <weather station: 气象台, weather agency: 气象机构>'}",
66,"(e) any hospital or nursing home, or any home for convalescents or for elderly or disabled persons, or any other premises used for the provision of sleeping accommodation to any class of persons under authority given by or with the recognition of the Secretary for Health and Welfare.",nursing home,(e) 任何医院或护养院，或任何疗养院、安老院或残疾人士院，或任何其他根据卫生福利局局长的授权或认可而用作向任何类别人士提供宿舍的处所。,['护养院，'],"['(e) any hospital or retirement home, or any home for convalescents or for elderly or disabled persons, or any other premises used for the provision of sleeping accommodation to any class of persons under authority given by or with the recognition of the Secretary for Health and Welfare.', '(e) any hospital or nursing house, or any home for convalescents or for elderly or disabled persons, or any other premises used for the provision of sleeping accommodation to any class of persons under authority given by or with the recognition of the Secretary for Health and Welfare.']","['retirement home', 'nursing house']","['(e) 任何医院或养老院，或任何疗养院、安老院或残疾人士院，或任何其他根据卫生福利局局长的授权或认可而用作向任何类别人士提供宿舍的处所。', '(e) 任何医院或护养院，或任何疗养院、安老院或残疾人士院，或任何其他根据卫生福利局局长的授权或认可而用作向任何类别人士提供宿舍的处所。']","['养老院，', '护养院，']",['护养院，'],"{'nursing house': 'NO\nDifferent translations: <nursing home: 护养院, nursing house: 护理院>'}",
67,"Article 8 The time limit for institution of legal proceedings pertaining to disputes over the right to inheritance is two years, counting from the day the successor became or should have become aware of the violation of his right to inheritance.",time limit,第八条 继承权纠纷提起诉讼的期限为二年，自继承人知道或者应当知道继承权受到侵犯之日起计算。,['期限'],"['Article 8 The age limit for institution of legal proceedings pertaining to disputes over the right to inheritance is two years, counting from the day the successor became or should have become aware of the violation of his right to inheritance.', 'Article 8 The term limit for institution of legal proceedings pertaining to disputes over the right to inheritance is two years, counting from the day the successor became or should have become aware of the violation of his right to inheritance.', 'Article 8 The time period for institution of legal proceedings pertaining to disputes over the right to inheritance is two years, counting from the day the successor became or should have become aware of the violation of his right to inheritance.']","['age limit', 'term limit', 'time period']","['第八条 因继承权纠纷提起诉讼的年龄为二年，自继承人知道或者应当知道继承权受到侵犯之日起计算。', '第八条 继承权纠纷提起诉讼的期限为二年，自继承人知道或者应当知道继承权受到侵犯之日起计算。', '第八条 继承权纠纷提起诉讼的期限为二年，自继承人知道或者应当知道继承权受到侵犯之日起计算。']","['年龄', '期限', '期限']",['期限'],"{'term limit': 'NO\nDifferent translations: <time limit: 时限, term limit: 条款限制>.', 'time period': 'NO\nDifferent translations: \ntime limit: 期限\ntime period: 时间段'}",
68,"As a case in point of alcohol wastewater treatment MIC reactor, the digested sludge of municipal sewage factory was used to start-up MIC reactor. The process was divided into three stages: the sludge taming, the granular sludge forming and its maturing.",case in point,以酒精废水处理MIC反应器为例，利用城市污水厂消化污泥启动MIC反应器。整个过程分为污泥驯化、颗粒污泥形成和熟化三个阶段。,['为例'],"['As a case in case of alcohol wastewater treatment MIC reactor, the digested sludge of municipal sewage factory was used to start-up MIC reactor. The process was divided into three stages: the sludge taming, the granular sludge forming and its maturing.']",['case in case'],['以酒精废水处理MIC反应器为例，利用城市污水厂消化污泥启动MIC反应器。整个过程分为污泥驯化、颗粒污泥形成和熟化三个阶段。'],['为例'],['为例'],"{'case in case': 'NO\nDifferent translations: <case in point: 为例, case in case: 作为一个案例>'}",
69,"People hope it can meet the financial demands of the state-run business, shoulder the great financial risks of the state-run bank as well as allocate the resources properly and promote the transfer of enterprises' operating system.",operating system,人们希望它能够满足国有企业的金融需求，分担国有银行的巨大金融风险，合理配置资源，促进企业经营体制的转变。,['经营体制。'],"[""People hope it can meet the financial demands of the state-run business, shoulder the great financial risks of the state-run bank as well as allocate the resources properly and promote the transfer of enterprises' credit system."", ""People hope it can meet the financial demands of the state-run business, shoulder the great financial risks of the state-run bank as well as allocate the resources properly and promote the transfer of enterprises' financing system."", ""People hope it can meet the financial demands of the state-run business, shoulder the great financial risks of the state-run bank as well as allocate the resources properly and promote the transfer of enterprises' management system."", ""People hope it can meet the financial demands of the state-run business, shoulder the great financial risks of the state-run bank as well as allocate the resources properly and promote the transfer of enterprises' operating assets."", ""People hope it can meet the financial demands of the state-run business, shoulder the great financial risks of the state-run bank as well as allocate the resources properly and promote the transfer of enterprises' operating capital."", ""People hope it can meet the financial demands of the state-run business, shoulder the great financial risks of the state-run bank as well as allocate the resources properly and promote the transfer of enterprises' operating power.""]","['credit system', 'financing system', 'management system', 'operating assets', 'operating capital', 'operating power']","['人们希望它能够满足国有企业的金融需求，分担国有银行的巨大金融风险，合理配置资源，促进企业信用体系的转变。', '人们希望它能够满足国有企业的融资需求，分担国有银行的巨大金融风险，合理配置资源，促进企业融资体制的转变。', '人们希望它能够满足国有企业的金融需求，分担国有银行的巨大金融风险，合理配置资源，促进企业经营体制的转轨。', '人们希望它能够满足国有企业的金融需求，分担国有银行的巨大金融风险，合理配置资源，促进企业经营性资产的转移。', '人们希望它能够满足国有企业的金融需求，分担国有银行的巨大金融风险，合理配置资源，促进企业营运资本的转移。', '人们希望它能够满足国有企业的金融需求，分担国有银行的巨大金融风险，合理配置资源，促进企业经营权的转移。']","['企业信用体系。', '融资体制。', '经营体制。', '经营性资产。', '营运资本。', '经营权。']",['经营体制。'],"{'management system': 'NO\nDifferent translations: <operating system: 运行系统, management system: 管理体制>'}",
70,Late systolic murmurs begin in midsystole and extend to or through S2. They may be heard in mitral valve prolapse (frequently accompanied by midsystolic clicks) or coarctation of the aorta.,mitral valve,收缩晚期杂音始于收缩中期，延伸至或穿过 S2。在二尖瓣脱垂（经常伴有收缩中期喀喇音）或主动脉缩窄时可听到。,['二尖瓣'],"['Late systolic murmurs begin in midsystole and extend to or through S2. They may be heard in mitral cell prolapse (frequently accompanied by midsystolic clicks) or coarctation of the aorta.', 'Late systolic murmurs begin in midsystole and extend to or through S2. They may be heard in mitral artery prolapse (frequently accompanied by midsystolic clicks) or coarctation of the aorta.']","['mitral cell', 'mitral artery']","['晚期收缩期杂音始于收缩中期，延伸至或穿过 S2。在二尖瓣脱垂（经常伴有收缩中期喀喇音）或主动脉缩窄时可听到。', '晚期收缩期杂音始于收缩中期，延伸至或穿过 S2。在二尖瓣脱垂（常伴有收缩中期喀喇音）或主动脉缩窄时可听到。']","['二尖瓣', '二尖瓣']",['二尖瓣'],"{'mitral cell': 'NO\nDifferent translations: <mitral valve: 二尖瓣, mitral cell: 二尖细胞>', 'mitral artery': 'NO\nDifferent translations: <mitral valve: 二尖瓣, mitral artery: 二尖动脉>'}",
71,(4) An application made by a person authorized by a body corporate not possessing a common seal shall include a declaration by that person that the body concerned does not possess a common seal.,body corporate,(4) 由不具备法人印章的法人团体授权的人提出的申请，应当包括该人关于该法人团体不拥有法人印章的声明。,['团体'],"['(4) An application made by a person authorized by a company corporate not possessing a common seal shall include a declaration by that person that the body concerned does not possess a common seal.', '(4) An application made by a person authorized by a corporation corporate not possessing a common seal shall include a declaration by that person that the body concerned does not possess a common seal.']","['company corporate', 'corporation corporate']","['（4）由没有公章的公司法人授权的人提出的申请，应当包括该授权人有关机构没有公章的声明。', '（4）由没有公章的法人团体授权的人提出的申请，应当包括该人关于有关机构没有公章的声明。']","['公司法人', '团体']",['团体'],"{'corporation corporate': 'NO\nDifferent translations: <body corporate: 法人团体, corporation corporate: 公司团体>'}",
72,"A synchronous and diachronous overview of the Olympic ideal was made from the point of view of philosophy, sociolo-gy, and history on the original idea of the revival of modern Olympic Games and the development of modern Olympicmovement,the Eastern and Western culture,the history of human activities,and the requirement of future society.",Olympic Games,从哲学、社会学、历史学的角度，对现代奥林匹克运动复兴的初衷和现代奥林匹克运动的发展、东西方文化、现代奥林匹克运动的发展等进行了同步、历时的概述。人类活动的历史和未来社会的要求。,['奥林匹克运动奥林匹克运动'],"['A synchronous and diachronous overview of the Olympic ideal was made from the point of view of philosophy, sociolo-gy, and history on the original idea of the revival of modern Olympic sport and the development of modern Olympicmovement,the Eastern and Western culture,the history of human activities,and the requirement of future society.']",['Olympic sport'],['从哲学、社会学、历史学的角度对现代奥林匹克运动复兴的初衷和现代奥林匹克运动的发展、东西方文化、人类活动的历史和未来社会的要求。'],['奥林匹克运动'],['奥林匹克运动奥林匹克运动'],{},
73,"The Government of the special administrative region of Macau(SARM) has 8 percent of the company's capital, China Power International Holding Ltd has 6 percent and the remaining 2 percent are in the hands of 800 local shareholders.",administrative region,澳门特别行政区政府拥有该公司8％的资本，中国电力国际集团有限公司拥有6％，其余2％由800名当地股东持有。,['澳门特别行政区政府'],"[""The Government of the special administrative zone of Macau(SARM) has 8 percent of the company's capital, China Power International Holding Ltd has 6 percent and the remaining 2 percent are in the hands of 800 local shareholders."", ""The Government of the special administrative district of Macau(SARM) has 8 percent of the company's capital, China Power International Holding Ltd has 6 percent and the remaining 2 percent are in the hands of 800 local shareholders."", ""The Government of the special administrative area of Macau(SARM) has 8 percent of the company's capital, China Power International Holding Ltd has 6 percent and the remaining 2 percent are in the hands of 800 local shareholders.""]","['administrative zone', 'administrative district', 'administrative area']","['澳门特别行政区政府拥有该公司8％的资本，中国电力国际集团有限公司拥有6％，其余2％由800名当地股东持有。', '澳门特别行政区政府拥有该公司8％的资本，中国电力国际集团有限公司拥有6％，其余2％由800名当地股东持有。', '澳门特别行政区政府拥有该公司8％的资本，中国电力国际集团有限公司拥有6％，其余2％由800名当地股东持有。']","['澳门特别行政区政府', '澳门特别行政区政府', '澳门特别行政区政府']",['澳门特别行政区政府'],"{'administrative zone': 'NO\nDifferent translations: <administrative region: 行政区, administrative zone: 行政区>', 'administrative district': 'NO\nDifferent translations: <administrative region: 行政区, administrative district: 行政区>', 'administrative area': 'NO\nDifferent translations: <administrative region: 行政区, administrative area: 行政区域>'}",
74,Laws listed in Annex III to this Law shall be confined to those relating to defense and foreign affairs as well as other matters outside the limits of the autonomy of the Region as specified by this Law.,foreign affairs,本法附件三所列法律，仅限于有关国防、外交以及本法规定的香港特别行政区自治范围以外的其他事项的法律。,['外交'],"['Laws listed in Annex III to this Law shall be confined to those relating to defense and foreign policy as well as other matters outside the limits of the autonomy of the Region as specified by this Law.', 'Laws listed in Annex III to this Law shall be confined to those relating to defense and foreign relations as well as other matters outside the limits of the autonomy of the Region as specified by this Law.']","['foreign policy', 'foreign relations']","['本法附件三所列法律，仅限于有关国防、外交政策和本法规定不属于香港特别行政区自治范围的其他事项的法律。', '本法附件三所列法律，仅限于有关国防、外交和本法规定不属于香港特别行政区自治范围的其他事项的法律。']","['外交政策', '外交']",['外交'],"{'foreign relations': 'NO\nDifferent translations: <foreign affairs: 外交, foreign relations: 外交关系>'}",
75,No alteration shall be made during the franchise period to the memorandum or articles of association of a grantee without the approval of the Governor.,articles of association,在特许经营期间，未经总督批准，不得对受让人的组织大纲或章程进行任何修改。,['组织章程'],"['No alteration shall be made during the franchise period to the memorandum or letter of association of a grantee without the approval of the Governor.', 'No alteration shall be made during the franchise period to the memorandum or instrument of association of a grantee without the approval of the Governor.', 'No alteration shall be made during the franchise period to the memorandum or act of association of a grantee without the approval of the Governor.', 'No alteration shall be made during the franchise period to the memorandum or deed of association of a grantee without the approval of the Governor.', 'No alteration shall be made during the franchise period to the memorandum or letters of association of a grantee without the approval of the Governor.', 'No alteration shall be made during the franchise period to the memorandum or articles of contract of a grantee without the approval of the Governor.']","['letter of association', 'instrument of association', 'act of association', 'deed of association', 'letters of association', 'articles of contract']","['特许经营期间，未经总督批准，不得对特许经营人的组织章程大纲或章程细则进行任何修改。', '在专营期内，未经总督批准，不得对专营者的组织章程大纲或组织文件作出任何修改。', '特许经营期间，未经总督批准，不得对受让人的章程或组织章程进行任何修改。', '在专营期内，未经总督批准，不得对专营者的组织章程大纲或契约作出任何修改。', '特许经营期间，未经总督批准，不得对受让人的组织章程大纲或组织章程细则进行任何修改。', '特许经营期间，未经总督批准，不得对特许经营者的契约大纲或条款进行任何修改。']","['组织细则', '组织文件', '组织章程', '组织契约', '组织细则', '契约条款']",['组织章程'],"{'act of association': 'NO\nDifferent translations: <articles of association: 组织章程, act of association: 协会法>'}",
76,"In any of the following situations, the presiding hearer may decide to postpone the hearing: A party concerned is unable to be present due to causes of force majeure;",force majeure,有下列情形之一的，听证主持人可以决定延期审理： 当事人因不可抗力原因不能到场的；,['不可抗力；'],"['In any of the following situations, the presiding hearer may decide to postpone the hearing: A party concerned is unable to be present due to causes of state majeure;', 'In any of the following situations, the presiding hearer may decide to postpone the hearing: A party concerned is unable to be present due to causes of property majeure;', 'In any of the following situations, the presiding hearer may decide to postpone the hearing: A party concerned is unable to be present due to causes of public majeure;', 'In any of the following situations, the presiding hearer may decide to postpone the hearing: A party concerned is unable to be present due to causes of court majeure;']","['state majeure', 'property majeure', 'public majeure', 'court majeure']","['有下列情形之一的，听证主持人可以决定延期审理： 当事人因不可抗力原因不能到场的；', '有下列情形之一的，听证主持人可以决定延期审理： 当事人因不可抗力原因不能到场的；', '有下列情形之一的，听证主持人可以决定延期审理： 当事人因公共不可抗力原因不能到场的；', '有下列情形之一的，主持人可以决定延期审理： 当事人因法庭不可抗力原因不能到场的；']","['不可抗力；', '不可抗力；', '公共不可抗力；', '法庭不可抗力；']",['不可抗力；'],"{'state majeure': 'YES', 'property majeure': 'NO\nDifferent translations: <force majeure: 不可抗力, property majeure: 财产重大>'}",
77,（3）to get people to keep under control the place where the accident of occupational disease hazards has occurred.,occupational disease,（三）组织人员控制职业病危害事故发生场所。,['职业病'],"['（3）to get people to keep under control the place where the accident of occupational health hazards has occurred.', '（3）to get people to keep under control the place where the accident of occupational safety hazards has occurred.']","['occupational health', 'occupational safety']","['（三）组织人员对职业病危害事故发生场所进行控制。', '（3）组织人员对发生职业安全危害事故的现场进行控制。']","['职业病', '职业安全']",['职业病'],"{'occupational health': 'NO\nDifferent translations: <occupational disease: 职业病, occupational health: 职业健康>'}",
78,①Arteriosclerotic indexes in the hypertension accompanied by coronary heart disease and/or cerebrovascular disease group and diabetes accompanied by hypertension group were significantly higher than those in the normal control group(P < 0.01).,coronary heart disease,①高血压伴冠心病和（或）脑血管病组、糖尿病伴高血压组动脉硬化指标均显著高于正常对照组（P &lt; 0.01）。,['冠心病'],['①Arteriosclerotic indexes in the hypertension accompanied by coronary heart failure and/or cerebrovascular disease group and diabetes accompanied by hypertension group were significantly higher than those in the normal control group(P < 0.01).'],['coronary heart failure'],['①高血压伴有冠心病和（或）脑血管病组、糖尿病伴有高血压组动脉硬化指标显著高于正常对照组（P &lt; 0.01）。'],['冠心病'],['冠心病'],"{'coronary heart failure': 'NO\nDifferent translations: <coronary heart disease: 冠心病, coronary heart failure: 冠心衰竭>'}",
79,"(1A) Only a professional accountant, who shall on the day of the annual general meeting of the Society be ordinarily resident in Hong Kong, shall become a candidate for election as an elected member of the Council. (L.N. 359 of 1996)",annual general meeting,(1A) 只有在公会周年大会当日通常居住于香港的专业会计师，方可成为理事会民选理事的候选人。(1996年第359号法律公告),['周年大会'],"['(1A) Only a professional accountant, who shall on the day of the annual general conference of the Society be ordinarily resident in Hong Kong, shall become a candidate for election as an elected member of the Council. (L.N. 359 of 1996)']",['annual general conference'],['(1A) 只有在公会周年大会举行之日通常居住于香港的专业会计师，方可成为理事会民选理事的候选人。(1996年第359号法律公告)'],['周年大会'],['周年大会'],"{'annual general conference': 'NO\nDifferent translations: <annual general meeting: 年度股东大会, annual general conference: 年度大会>'}",
80,"The group has become increasingly entrenched in North Africa, especially in northern Mali, which fell earlier this year to Islamist militants allied with al-Qaida.",North Africa,该组织在北非的势力日益强大，尤其是在马里北部。今年早些时候，该地区被与基地组织结盟的伊斯兰激进分子占领。,['北非，'],"['The group has become increasingly entrenched in northern Africa, especially in northern Mali, which fell earlier this year to Islamist militants allied with al-Qaida.']",['northern Africa'],['该组织在北非的势力日益强大，尤其是马里北部。今年早些时候，该地区被与基地组织结盟的伊斯兰激进分子占领。'],['北非，'],['北非，'],"{'northern Africa': 'NO\nDifferent translations: <North Africa: 北非, northern Africa: 北部非洲>'}",
81,"""traffic sign"" (交通标志) means a sign, object or device for conveying to persons using a road any warning, information, direction, requirement, restriction or prohibition;",traffic sign,“交通标志”（traffic sign） 指向使用道路的人传达任何警告、资料、指示、要求、限制或禁止的标志、物体或设备；,['“”trafficsign'],"['""road sign"" (交通标志) means a sign, object or device for conveying to persons using a road any warning, information, direction, requirement, restriction or prohibition;', '""traffic signal"" (交通标志) means a sign, object or device for conveying to persons using a road any warning, information, direction, requirement, restriction or prohibition;']","['road sign', 'traffic signal']","['“交通标志”（road sign） 指向使用道路的人传达任何警告、资料、指示、要求、限制或禁止的标志、物体或装置；', '“交通标志”（traffic signal） 指向使用道路的人传达任何警告、资讯、指示、要求、限制或禁止的标志、物体或设备；']","['“”roadsign', '“”trafficsignal']",['“”trafficsign'],{},
82,"Based on these, a data collection module is developed with friendly user interface aimed at the measure device, the structure of the calibration calculation module is designed and the input, calculation and output functions of calibration data are realized automatically.",user interface,在此基础上，开发了针对测量装置、具有友好用户界面的数据采集模块，设计了校准计算模块的结构，实现了校准数据的自动输入、计算和输出功能。,['用户界面'],"['Based on these, a data collection module is developed with friendly user interaction aimed at the measure device, the structure of the calibration calculation module is designed and the input, calculation and output functions of calibration data are realized automatically.']",['user interaction'],"['在此基础上,针对测量装置开发了具有友好用户界面的数据采集模块,设计了校准计算模块的结构,实现了校准数据的自动输入、计算和输出功能。']",['用户界面'],['用户界面'],"{'user interaction': 'NO\nDifferent translations: <user interface: 用户界面, user interaction: 用户交互>'}",
83,(2) The order bill of lading may be transferred after full endorsement or blank endorsement;,bill of lading,（2）指示提单可以在全背书或空白背书后转让；,['提单'],"['(2) The order number of lading may be transferred after full endorsement or blank endorsement;', '(2) The order form of lading may be transferred after full endorsement or blank endorsement;', '(2) The order order of lading may be transferred after full endorsement or blank endorsement;', '(2) The order bill of wording may be transferred after full endorsement or blank endorsement;', '(2) The order bill of billing may be transferred after full endorsement or blank endorsement;']","['number of lading', 'form of lading', 'order of lading', 'bill of wording', 'bill of billing']","['（2）提单号可以在全额背书或空白背书后转移；', '（2）提单可以全额背书转让，也可以空白背书转让；', '（2）提单可以全额背书或空白背书方式转让；', '（2）汇票转让可以用全额背书转让，也可以用空白背书转让；', '（2）汇票委托书可以全额背书转让，也可以空白背书转让；']","['提单号', '提单', '提单', '汇票', '汇票委托书']",['提单'],"{'form of lading': 'NO\nDifferent translations: <bill of lading: 提单, form of lading: 装货单>', 'order of lading': 'NO\nDifferent translations: <bill of lading: 提单, order of lading: 装货指令>'}",
84,"Efforts to export anti- blasphemy laws to an international level, Hanford said, will exert “a chilling effect ” on the ability to discuss religion openly.",chilling effect,汉福德表示，将反亵渎法输出到国际层面的努力将对公开讨论宗教的能力产生“寒蝉效应”。,['寒蝉效应'],"['Efforts to export anti- blasphemy laws to an international level, Hanford said, will exert “a chilling influence ” on the ability to discuss religion openly.', 'Efforts to export anti- blasphemy laws to an international level, Hanford said, will exert “a chilling impact ” on the ability to discuss religion openly.']","['chilling influence', 'chilling impact']","['汉福德表示，将反亵渎法输出到国际层面的努力将对公开讨论宗教的能力产生“寒蝉效应”。', '汉福德表示，将反亵渎法输出到国际层面的努力将对公开讨论宗教的能力产生“寒蝉效应”。']","['寒蝉效应', '寒蝉效应']",['寒蝉效应'],"{'chilling influence': 'NO\nDifferent translations: <chilling effect: 寒蝉效应, chilling influence: 寒冷影响>.', 'chilling impact': 'NO\nDifferent translations: <chilling effect: 寒蝉效应, chilling impact: 寒冷影响>'}",
85,promotion of family planning to control the population size and improve the health of the people,family planning,推进计划生育，控制人口规模，提高人民健康水平,['计划生育'],"['promotion of health planning to control the population size and improve the health of the people', 'promotion of population planning to control the population size and improve the health of the people']","['health planning', 'population planning']","['推进卫生规划控制人口规模，提高人民健康水平', '推进计划生育，控制人口规模，提高人民健康水平']","['卫生规划', '计划生育']",['计划生育'],"{'population planning': 'NO\nDifferent translations: <family planning: 计划生育, population planning: 人口规划>'}",
86,The famous nerve scientists Gerald M. Edelman and Giulio Tononi make a new analysis and generalization to the problem of consciousness that is noted as a world enigma. They develop the enigma into a subject that is not only fit for philosophical exploration but also for scientific research.,scientific research,著名神经科学家杰拉德·埃德尔曼和朱利奥·托诺尼对被誉为世界之谜的意识问题进行了新的分析和概括，并将这一谜题发展成为一门不仅适合哲学探索而且适合科学研究的课题。,['科学研究。'],"['The famous nerve scientists Gerald M. Edelman and Giulio Tononi make a new analysis and generalization to the problem of consciousness that is noted as a world enigma. They develop the enigma into a subject that is not only fit for philosophical exploration but also for scientific inquiry.', 'The famous nerve scientists Gerald M. Edelman and Giulio Tononi make a new analysis and generalization to the problem of consciousness that is noted as a world enigma. They develop the enigma into a subject that is not only fit for philosophical exploration but also for scientific study.', 'The famous nerve scientists Gerald M. Edelman and Giulio Tononi make a new analysis and generalization to the problem of consciousness that is noted as a world enigma. They develop the enigma into a subject that is not only fit for philosophical exploration but also for scientific investigation.', 'The famous nerve scientists Gerald M. Edelman and Giulio Tononi make a new analysis and generalization to the problem of consciousness that is noted as a world enigma. They develop the enigma into a subject that is not only fit for philosophical exploration but also for scientific exploration.', 'The famous nerve scientists Gerald M. Edelman and Giulio Tononi make a new analysis and generalization to the problem of consciousness that is noted as a world enigma. They develop the enigma into a subject that is not only fit for philosophical exploration but also for scientific discussion.']","['scientific inquiry', 'scientific study', 'scientific investigation', 'scientific exploration', 'scientific discussion']","['著名神经科学家杰拉德·埃德尔曼和朱利奥·托诺尼对被誉为世界之谜的意识问题进行了新的分析和概括，并将这一谜题发展成为一门不仅适合哲学探索而且适合科学研究的课题。', '著名神经科学家杰拉德·埃德尔曼和朱利奥·托诺尼对被誉为世界之谜的意识问题进行了新的分析和概括，并将这一谜题发展成为一门不仅适合哲学探索而且适合科学研究的课题。', '著名神经科学家杰拉德·埃德尔曼和朱利奥·托诺尼对被誉为世界之谜的意识问题进行了新的分析和概括，并将这一难题发展成为一门不仅适合哲学探索而且适合科学研究的课题。', '著名神经科学家杰拉德·埃德尔曼和朱利奥·托诺尼对被誉为世界之谜的意识问题进行了新的分析和概括，并将这一谜题发展成为一门不仅适合哲学探索，也适合科学探索的课题。', '著名神经科学家杰拉德·埃德尔曼和朱利奥·托诺尼对被誉为世界之谜的意识问题进行了新的分析和概括，并将这一谜题发展成为一门不仅适合哲学探索而且适合科学探讨的课题。']","['科学研究。', '科学研究。', '科学研究。', '科学探索。', '科学探讨。']",['科学研究。'],"{'scientific inquiry': ""NO\nDifferent translations: scientific research: ['科学研究'], scientific inquiry: ['科学探究']"", 'scientific study': 'YES', 'scientific investigation': ""NO\nDifferent translations: scientific research: ['科学研究'], scientific investigation: ['科学调查']""}",
87,"if it fails to make corrections within the specified time limit, a request shall be made to the relevant people's government to shut it down within the limits of authority vested by the State Council;",time limit,逾期不改正的，提请有关人民政府按照国务院规定的权限予以关闭；,['逾期，'],"[""if it fails to make corrections within the specified time period, a request shall be made to the relevant people's government to shut it down within the limits of authority vested by the State Council;"", ""if it fails to make corrections within the specified time frame, a request shall be made to the relevant people's government to shut it down within the limits of authority vested by the State Council;""]","['time period', 'time frame']","['逾期不改正的，提请有关人民政府按照国务院规定的权限予以关闭；', '逾期不改正的，提请有关人民政府按照国务院规定的权限予以关闭；']","['逾期，', '逾期，']",['逾期，'],"{'time period': 'NO\nDifferent translations: <time limit: 逾期, time period: 时间段>', 'time frame': 'NO\nDifferent translations: <time limit: 逾期, time frame: 时间范围>'}",
88,Study on a Method and Application of Wetness Measurement on Line for Steam Turbine,steam turbine,汽轮机湿度在线测量方法及应用研究,['汽轮机'],['Study on a Method and Application of Wetness Measurement on Line for a Turbine'],['a Turbine'],['汽轮机湿度在线测量方法及应用研究'],['汽轮机'],['汽轮机'],"{'a Turbine': 'NO\nDifferent translations: <Steam Turbine: 汽轮机, a Turbine: 一个涡轮>'}",
89,rape a woman or have sexual relations with a girl and when the circumstances are odious,sexual relations,强奸妇女或与女孩发生性关系，且情况恶劣,['性关系'],"['rape a woman or have sexual intercourse with a girl and when the circumstances are odious', 'rape a woman or have sexual contact with a girl and when the circumstances are odious']","['sexual intercourse', 'sexual contact']","['强奸妇女或与女孩发生性关系，且情况恶劣', '强奸妇女或与女孩发生性接触，且情况恶劣']","['性关系', '性接触']",['性关系'],"{'sexual intercourse': 'NO\nDifferent translations: <sexual relations: 性关系, sexual intercourse: 性交>'}",
90,"(1) For the purposes of holding, dealing with and enforcing copyright, and in connection with all legal proceedings relating to copyright, the Legislative Council is to be treated as having the legal capacities of a body corporate, which is not affected by a dissolution of the Legislative Council.",body corporate,（1）为持有、处理和执行版权的目的，以及在所有与版权有关的法律程序中，立法会被视为具有法人团体的法律行为能力，不受立法会解散的影响。,['法人团体，'],"['(1) For the purposes of holding, dealing with and enforcing copyright, and in connection with all legal proceedings relating to copyright, the Legislative Council is to be treated as having the legal capacities of a corporation corporate, which is not affected by a dissolution of the Legislative Council.', '(1) For the purposes of holding, dealing with and enforcing copyright, and in connection with all legal proceedings relating to copyright, the Legislative Council is to be treated as having the legal capacities of a court corporate, which is not affected by a dissolution of the Legislative Council.', '(1) For the purposes of holding, dealing with and enforcing copyright, and in connection with all legal proceedings relating to copyright, the Legislative Council is to be treated as having the legal capacities of a person corporate, which is not affected by a dissolution of the Legislative Council.']","['corporation corporate', 'court corporate', 'person corporate']","['（1）为持有、处理和执行版权的目的，以及在所有与版权有关的法律程序中，立法会须被视为具有法人团体的法律资格，立法会解散并不会影响该法人团体的法律资格。', '（1）为了持有、处理和执行版权，以及在所有与版权有关的法律程序中，立法会应被视为具有法院法人的法律能力，不受立法会解散的影响。', '（1）为持有、处理和执行版权的目的，以及在所有与版权有关的法律程序中，立法会应被视为具有法人资格，不受立法会解散的影响。']","['法人团体，', '法院法人，', '法人资格，']",['法人团体，'],"{'corporation corporate': 'NO\nDifferent translations: <body corporate: 法人团体, corporation corporate: 公司法人>'}",
91,"Article 30 A company which changes its form shall, in accordance with the establishment requirements of the company form of the company to which the company intends to change, apply for registration of change with the company registration authority in the fixed time limit and submit the relevant documents.",time limit,第三十条 公司变更形式，应当按照拟变更公司形式的设立要求，在规定的期限内向公司登记机关申请变更登记，并提交有关资料。文件。,['期限'],"['Article 30 A company which changes its form shall, in accordance with the establishment requirements of the company form of the company to which the company intends to change, apply for registration of change with the company registration authority in the fixed term limit and submit the relevant documents.', 'Article 30 A company which changes its form shall, in accordance with the establishment requirements of the company form of the company to which the company intends to change, apply for registration of change with the company registration authority in the fixed time period and submit the relevant documents.', 'Article 30 A company which changes its form shall, in accordance with the establishment requirements of the company form of the company to which the company intends to change, apply for registration of change with the company registration authority in the fixed time frame and submit the relevant documents.', 'Article 30 A company which changes its form shall, in accordance with the establishment requirements of the company form of the company to which the company intends to change, apply for registration of change with the company registration authority in the fixed time interval and submit the relevant documents.']","['term limit', 'time period', 'time frame', 'time interval']","['第三十条 公司变更形式，应当按照拟变更的公司形式的设立条件，在规定的期限内向公司登记机关申请变更登记，并提交有关文件。', '第三十条 公司变更形式，应当按照拟变更的公司形式的设立条件，在规定的时间内向公司登记机关申请变更登记，并提交有关文件。', '第三十条 公司变更形式，应当按照拟变更的公司形式的设立条件，在规定的时间内向公司登记机关申请变更登记，并提交有关文件。', '第三十条 公司变更形式，应当按照拟变更的公司形式的设立条件，在规定的时间内向公司登记机关申请变更登记，并提交有关文件。']","['期限', '时间', '时间', '时间']",['期限'],"{'term limit': ""NO\nDifferent translations: time limit: ['时间限制'], term limit: ['期限']""}",
92,"(a) permit any owner, at any reasonable time, to inspect the books or records of account and any income and expenditure account or balance sheet; and",balance sheet,(a) 允许任何业主在任何合理时间检查账簿或会计记录以及任何收支账户或资产负债表；并且,['负债表；'],"['(a) permit any owner, at any reasonable time, to inspect the books or records of account and any income and expenditure account or balance book; and']",['balance book'],['(a) 允许任何业主在任何合理时间检查账簿或会计记录以及任何收支账户或资产负债表；并且'],['负债表；'],['负债表；'],"{'balance book': 'NO\nDifferent translations: <balance sheet: 负债表, balance book: 结算账簿>'}",
93,The applicant entity of territory-transit animals or territory-transit genetically modified products shall be an entity with independent legal person status and is able to directly conclude trade contracts or agreements with others or an agent of such an entity.,legal person,过境动物、过境转基因产品申请单位应当是具有独立法人资格的单位，并能直接与他人或者其代理人签订贸易合同或协议。,['法人资格'],"['The applicant entity of territory-transit animals or territory-transit genetically modified products shall be an entity with independent legal entity status and is able to directly conclude trade contracts or agreements with others or an agent of such an entity.', 'The applicant entity of territory-transit animals or territory-transit genetically modified products shall be an entity with independent legal tender status and is able to directly conclude trade contracts or agreements with others or an agent of such an entity.']","['legal entity', 'legal tender']","['过境动物、过境转基因产品的申请单位应当是具有独立法人资格的单位，有能力直接与他人或者其代理人签订贸易合同或协议。', '过境动物、过境转基因产品的申请单位应当是具有独立法人资格，并能直接与他人或者其代理人签订贸易合同或协议的单位。']","['法人资格', '法人资格']",['法人资格'],"{'legal entity': 'NO\nDifferent translations: <legal person: 法人, legal entity: 法人实体>', 'legal tender': 'NO\nDifferent translations: <legal person: 法人资格, legal tender: 法定货币资格>.'}",
94,"Because a state may dispense with a jury trial, it does not follow that it may substitute trial by ordeal.",jury trial,虽然一个州可以免除陪审团审判，但这并不意味着它可以用严酷审判来代替。,['陪审团审判，'],"['Because a state may dispense with a fair trial, it does not follow that it may substitute trial by ordeal.', 'Because a state may dispense with a federal trial, it does not follow that it may substitute trial by ordeal.', 'Because a state may dispense with a jury system, it does not follow that it may substitute trial by ordeal.', 'Because a state may dispense with a jury procedure, it does not follow that it may substitute trial by ordeal.', 'Because a state may dispense with a jury test, it does not follow that it may substitute trial by ordeal.', 'Because a state may dispense with a jury verdict, it does not follow that it may substitute trial by ordeal.']","['fair trial', 'federal trial', 'jury system', 'jury procedure', 'jury test', 'jury verdict']","['虽然一个国家可以放弃公正审判，但这并不意味着它可以用严酷审判来代替审判。', '虽然一个州可以免除联邦审判，但这并不意味着它可以用神判法来代替审判。', '虽然一个州可以取消陪审团制度，但这并不意味着它可以用严酷审判来代替。', '虽然一个州可以取消陪审团审判程序，但这并不意味着它可以用严酷审判来代替。', '虽然一个州可以免除陪审团审判，但这并不意味着它可以用严酷审判来代替。', '虽然一个州可以免除陪审团裁决，但这并不意味着它可以用严酷审判来代替。']","['公正审判，', '联邦审判，', '陪审团制度，', '陪审团审判程序，', '陪审团审判，', '陪审团裁决，']",['陪审团审判，'],"{'jury test': 'NO\nDifferent translations: <jury trial: 陪审团审判, jury test: 陪审团测试>.'}",
95,"the plaintiff must be a citizen, a legal person or any other organization that considers a specific administrative act to have infringed upon his or its lawful rights and interests",legal person,原告必须是认为具体行政行为侵犯其合法权益的公民、法人或者其他组织,['法人'],"['the plaintiff must be a citizen, a legal entity or any other organization that considers a specific administrative act to have infringed upon his or its lawful rights and interests', 'the plaintiff must be a citizen, a legal party or any other organization that considers a specific administrative act to have infringed upon his or its lawful rights and interests']","['legal entity', 'legal party']","['原告必须是认为具体行政行为侵犯其合法权益的公民、法人或者其他组织', '原告必须是认为具体行政行为侵犯其合法权益的公民、法人或者其他组织']","['法人', '法人']",['法人'],"{'legal entity': 'YES', 'legal party': 'NO\nDifferent translations: <legal person: 法人, legal party: 法定当事人>'}",
96,"“There is now a substantial difference deriving from the lower oil price and the natural consequences of that fact for the Angolan economy, although the latter's dependence on the price of this raw material is increasingly less, ”due to ongoing diversification of the economy, the study asserts.",raw material,研究称，“目前，油价下跌及其对安哥拉经济的自然影响产生了巨大差异，尽管由于经济的持续多样化，安哥拉经济对这种原材料价格的依赖越来越小。”,['原材料'],"[""“There is now a substantial difference deriving from the lower oil price and the natural consequences of that fact for the Angolan economy, although the latter's dependence on the price of this raw commodity is increasingly less, ”due to ongoing diversification of the economy, the study asserts.""]",['raw commodity'],['研究称，“目前，油价下跌及其对安哥拉经济的自然影响产生了巨大差异，尽管由于经济的持续多样化，安哥拉经济对这种原材料价格的依赖越来越小。”'],['原材料'],['原材料'],"{'raw commodity': 'NO\nDifferent translations: <raw material: 原材料, raw commodity: 原物资>'}",
97,"It has also left many diners suffering from anaphylactic shock - a severe allergic reaction that can cause swelling, rashes and difficulty breathing.",anaphylactic shock,许多食客还患上了过敏性休克——这是一种严重的过敏反应，会引起肿胀、皮疹和呼吸困难。,['过敏性休克'],"['It has also left many diners suffering from anaphylactic acid - a severe allergic reaction that can cause swelling, rashes and difficulty breathing.', 'It has also left many diners suffering from anaphylactic poisoning - a severe allergic reaction that can cause swelling, rashes and difficulty breathing.']","['anaphylactic acid', 'anaphylactic poisoning']","['许多食客还出现过敏性休克——这是一种严重的过敏反应，会引起肿胀、皮疹和呼吸困难。', '许多食客还出现过敏性中毒症状——这是一种严重的过敏反应，会引起肿胀、皮疹和呼吸困难。']","['过敏性休克', '过敏性中毒']",['过敏性休克'],"{'anaphylactic acid': 'NO\nDifferent translations: <anaphylactic shock: 过敏性休克, anaphylactic acid: 过敏性酸>'}",
98,But the achievement in scientific research in ski tourism is very poor.,scientific research,但滑雪旅游方面的科研成果却很贫乏。,['科研成果'],['But the achievement in scientific work in ski tourism is very poor.'],['scientific work'],['但滑雪旅游领域的科研成果却很差。'],['科研成果'],['科研成果'],"{'scientific work': 'NO\nDifferent translations: <scientific research: 科研, scientific work: 科研工作>'}",
99,"One part, space tourism, is a luxury service that is, in any case, unlikely to go beyond low-Earth orbit at best (the cost of getting even as far as the moon would reduce the number of potential clients to a handful).",space tourism,其中一部分，太空旅游，是一项奢侈服务，无论如何，也不太可能超越近地轨道（即使去月球的成本也会使潜在客户的数量减少到屈指可数）。,['太空旅游，'],"['One part, space travel, is a luxury service that is, in any case, unlikely to go beyond low-Earth orbit at best (the cost of getting even as far as the moon would reduce the number of potential clients to a handful).']",['space travel'],['其中一部分，太空旅行，是一项奢侈服务，无论如何，它不太可能超越近地轨道（即使到达月球，其成本也会使潜在客户的数量减少到屈指可数）。'],['太空旅行，'],['太空旅游，'],{},
