序号,原句,原句翻译,insert变异,insert变异翻译,insert变异翻译去括号,原句翻译去括号,请问这组插入变异是否存在句子翻译(去除括号后)不一致的错误
0,"So, LYAC is a capable and multi - functional unit for teaching, scientific research and up - scale technologies.",因此，辽宁航空工业集团有限公司是一个集教学、科研和高端技术为一体的多功能、能力强的单位。,"So, LYAC is a capable and multi - functional unit for teaching, scientific research (research performed using the scientific method) and up - scale technologies.",因此，LYAC 是一个能力强、多功能的教学、科学研究（使用科学方法进行的研究）和高端技术单位。,因此，LYAC 是一个能力强、多功能的教学、科学研究和高端技术单位。,因此，辽宁航空工业集团有限公司是一个集教学、科研和高端技术为一体的多功能、能力强的单位。
1,"(1) Where a construction site is situated on, or adjacent to, water into which a workman is liable to fall with risk of drowning, the contractor responsible for the site shall-",(1) 如果建筑工地位于或邻近工人容易掉入水中并有溺水危险的水域，负责该工地的承包商应——,"(1) Where a construction site (a place where a building or other physical structure is under construction) is situated on, or adjacent to, water into which a workman is liable to fall with risk of drowning, the contractor responsible for the site shall-",(c) 在第(1)款中，承建商须确保在建造工程的当日，就该工程的承建商的姓名或名称，以及该工程的承建商的地址，以及该工程的承建商的地址，均符合第(1)款的规定。, 在第款中，承建商须确保在建造工程的当日，就该工程的承建商的姓名或名称，以及该工程的承建商的地址，以及该工程的承建商的地址，均符合第款的规定。, 如果建筑工地位于或邻近工人容易掉入水中并有溺水危险的水域，负责该工地的承包商应——
2,Concluding Act of the Negotiations on Personnel Strength of Conventional Armed Forces in Europe,欧洲常规武装部队兵力谈判结论文件,"Concluding Act of the Negotiations on Personnel Strength of Conventional Armed Forces (the military forces of a nation, such as the army, navy, air force, marines, and sometimes, coastguard or border guard, which are tasked with the defence of the nation and its citizens, if necessary through use of deadly force) in Europe",关于常规武装部队人员力量谈判的结论性法案（一个国家的军事力量，例如陆军、海军、空军、海军陆战队，有时还有海岸警卫队或边防部队，其任务是保卫国家和其公民（如有必要，可使用致命武力）在欧洲,关于常规武装部队人员力量谈判的结论性法案一个国家的军事力量，例如陆军、海军、空军、海军陆战队，有时还有海岸警卫队或边防部队，其任务是保卫国家和其公民在欧洲,欧洲常规武装部队兵力谈判结论文件
3,and it was unanimously adopted by every head of state in the world.,它得到了世界各国元首的一致通过。,"and it was unanimously adopted by every head of state (the chief public representative of a nation having duties, privileges and responsibilities varying greatly depending on the constitutional rules; a monarch in a monarchy, and often styled president in a republic, but variations such as collegiality exist) in the world.",它被每一位国家元首（一个国家的首席公共代表，其职责、特权和责任根据宪法规则的不同而有很大差异；君主制国家中的君主，在共和国中通常被称为总统，但也有一些变化，例如世界上存在合议制。,它被每一位国家元首一个国家的首席公共代表，其职责、特权和责任根据宪法规则的不同而有很大差异；君主制国家中的君主，在共和国中通常被称为总统，但也有一些变化，例如世界上存在合议制。,它得到了世界各国元首的一致通过。
4,"""Is the wording of"" ""confirmed"" ""necessary for the letter of credit?""",“信用证必须有‘保兑’字样吗？”,"""Is the wording of"" ""confirmed"" ""necessary for the letter of credit (a document, used primarily in trade finance and issued generally by a financial institution, in which the institution promises to pay debts up to a certain limit to be acquired by the beneficiary against delivery of documents specified in the letter)?""",“信用证（一种主要用于贸易融资并通常由金融机构签发的文件，其中该机构承诺支付一定限额的债务，信用证中是否需要”“已确认”的措辞？受益人是否收到信中指定的文件）？”,“信用证？”,“信用证必须有‘保兑’字样吗？”
5,"The superoxide anion(O · 2) produced by NBT PMS NADH system was scavenged and the lipid peroxidation induced by Fe 2+ ascorbic acid in mouse liver microsome was inhibited, the hemolysis of rat RBC induced by H 2O 2 was antagonized.","结论:在体外,抗坏血酸(ACR)诱导的小鼠肝微粒体过氧化应激(P&lt;0.01),而抗坏血酸(ACR)诱导的小鼠红细胞溶血应激(P&lt;0.01)。","The superoxide anion(O · 2) produced by NBT PMS NADH system was scavenged and the lipid peroxidation induced by Fe 2+ ascorbic acid (a white crystalline organic compound, C6H8O6, found in citrus fruits and many vegetables; it is an antioxidant and an efficient scavenger of free radicals) in mouse liver microsome was inhibited, the hemolysis of rat RBC induced by H 2O 2 was antagonized.",结果表明，该化合物能清除NBT—PMS—NADH体系产生的超氧阴离子（O·2 ），抑制Fe 2+抗坏血酸（一种白色结晶有机化合物，C6H8O6，存在于柑橘类水果和许多蔬菜中，是一种抗氧化剂和有效的自由基清除剂）引起的小鼠肝微粒体过氧化脂质，拮抗H 2 O 2 引起的大鼠红细胞溶血。,结果表明，该化合物能清除NBT—PMS—NADH体系产生的超氧阴离子，抑制Fe 2+抗坏血酸引起的小鼠肝微粒体过氧化脂质，拮抗H 2 O 2 引起的大鼠红细胞溶血。,"结论:在体外,抗坏血酸诱导的小鼠肝微粒体过氧化应激,而抗坏血酸诱导的小鼠红细胞溶血应激。"
6,"During the same period the accumulated inflation rate, measured by the Consumer Price Index in Maputo, reached 4.6 percent, with declared exports of 415 million euros(US$533 million) in the first six months.",莫桑比克马普托11月13日电－莫桑比克国家统计局周四公布，莫桑比克今年前6个月的出口额为4.15亿欧元（约合5.33亿美元），同比分别增长11.4%和10.6%。,"During the same period the accumulated inflation rate, measured by the Consumer Price Index (a statistical estimate of the level of prices of goods and services bought for consumption purposes by households) in Maputo, reached 4.6 percent, with declared exports of 415 million euros(US$533 million) in the first six months.",同期，马普托的累计通货膨胀率（以消费者物价指数（家庭为消费目的购买的商品和服务价格水平的统计估计））达到4.6%，前六个月的出口额为4.15亿欧元（5.33亿美元）。,同期，马普托的累计通货膨胀率达到4.6%，前六个月的出口额为4.15亿欧元。,莫桑比克马普托11月13日电－莫桑比克国家统计局周四公布，莫桑比克今年前6个月的出口额为4.15亿欧元，同比分别增长11.4%和10.6%。
7,No person shall in any tunnel unless directed or signalled by an authorized officer or unless conforming to the indication of any traffic sign displayed under these regulations-,除非获授权人员指示或发出信号，或除非符合根据本规例展示的任何交通标志的指示，否则任何人不得在任何隧道内 ——,No person shall in any tunnel unless directed or signalled by an authorized officer or unless conforming to the indication of any traffic sign (a sign for the control of traffic or the information of drivers) displayed under these regulations-,(a) 凡在隧道内有车辆驶入或驶出隧道，而该车辆是为控制交通而设，则隧道的关闭并不影响该车辆驶入或驶出隧道的正常进行。, 凡在隧道内有车辆驶入或驶出隧道，而该车辆是为控制交通而设，则隧道的关闭并不影响该车辆驶入或驶出隧道的正常进行。,除非获授权人员指示或发出信号，或除非符合根据本规例展示的任何交通标志的指示，否则任何人不得在任何隧道内 ——
8,She's 20 years too young to get a deep vein thrombosis.,她还年轻20岁，不可能患上深静脉血栓。,"She's 20 years too young to get a deep vein thrombosis (a potentially fatal condition in which one or more thrombi (or clots) form in the predominantly the leg or, more unusually, the arm, the clot may break free from the venous wall and travel via the circulatory system to the heart or to the lungs (causing a pulmonary embolism); this condition is often caused by keeping the legs bent for long periods but can also be caused by other medical problems).",她还年轻 20 岁，不可能患上深静脉血栓（这是一种潜在致命的疾病，主要在腿部或更罕见的手臂上形成一个或多个血栓（或凝块），凝块可能会从静脉壁上脱落，通过循环系统到达心脏或肺部（导致肺栓塞）；这种情况通常是由于长时间弯曲腿部引起的，但也可能是由其他医疗问题引起的。,她还年轻 20 岁，不可能患上深静脉血栓这是一种潜在致命的疾病，主要在腿部或更罕见的手臂上形成一个或多个血栓，凝块可能会从静脉壁上脱落，通过循环系统到达心脏或肺部；这种情况通常是由于长时间弯曲腿部引起的，但也可能是由其他医疗问题引起的。,她还年轻20岁，不可能患上深静脉血栓。
9,"(1) No person shall, directly or indirectly, in connection with any leveraged foreign exchange trading with any other person-",(c) 凡任何人根据第(2)款获授权代表任何人，或因任何根据第(1)款获授权代表任何人，而该等授权是因该等授权而引致的。,"(1) No person shall, directly or indirectly, in connection with any leveraged foreign exchange (foreign currency) trading with any other person-",(c) 就本条例而言，任何人不得直接或间接地就任何杠杆式外汇(外币)交易而向任何人士或实体或实体订立任何合约。, 就本条例而言，任何人不得直接或间接地就任何杠杆式外汇交易而向任何人士或实体或实体订立任何合约。, 凡任何人根据第款获授权代表任何人，或因任何根据第款获授权代表任何人，而该等授权是因该等授权而引致的。
10,"""special drawing rights"" (特别提款权单位) means units of account used by the International Monetary Fund and known as special drawing rights;","""special drawing rights"" (特别提款权单位) means units of account used by the International Monetary Fund and known as special drawing rights;","""special drawing rights"" (特别提款权单位) means units of account used by the International Monetary Fund (the international organization entrusted with overseeing the global financial system by monitoring foreign exchange rates and balance of payments, as well as offering technical and financial assistance when asked) and known as special drawing rights;",“特别提款权单位” (special drawing rights) 指国际货币基金组织（负责监督外汇汇率和国际收支，并应要求提供技术和财政援助，以监督全球金融体系的国际组织）使用的记账单位，称为特别提款权；,“特别提款权单位” 指国际货币基金组织使用的记账单位，称为特别提款权；,"""special drawing rights"" means units of account used by the International Monetary Fund and known as special drawing rights;"
11,"""Division Officer, Family and Child Care Services, Hong Kong Council of Social Service""",&quot;香港社会服务联会家庭及幼儿服务部主任&quot;,"""Division Officer, Family and Child Care Services, Hong Kong Council of Social Service (a government-run program meant to benefit society as a whole, with a particular view to the less economically fortunate)""",”,”,&quot;香港社会服务联会家庭及幼儿服务部主任&quot;
12,"""where a bill payable to, or to the order of, a third party is paid by the drawer, the drawer may enforce payment thereof against the acceptor, but may not reissue the bill;""",”,"""where a bill payable to, or to the order of, a third party (someone not directly involved in a transaction; an entity beyond the seller (first party) and customer (second party)) is paid by the drawer, the drawer may enforce payment thereof against the acceptor, but may not reissue the bill;""",“如果应付第三方（不直接参与交易的人；卖方（第一方）和客户（第二方）之外的实体）或按照第三方的指示付款的汇票由出票人付款，则出票人可以强制承兑人付款，但不得重新签发汇票；”,“如果应付第三方或按照第三方的指示付款的汇票由出票人付款，则出票人可以强制承兑人付款，但不得重新签发汇票；”,”
13,"Drive along Huihe Expressway, leave the expressway at Si Jiao Lou or Tai Mei Exit, via Pingling to Longmen Hot Spring.","Drive along Huihe Expressway, leave the expressway at Si Jiao Lou or Tai Mei Exit, via Pingling to Longmen Hot Spring.","Drive along Huihe Expressway, leave the expressway at Si Jiao Lou or Tai Mei Exit, via Pingling to Longmen Hot Spring (a natural spring producing water whose temperature is greater than about 20°C (68°F)).",沿惠河高速公路行驶，从四角楼或太美出口下高速公路，经平岭到达龙门温泉（天然泉水，水温高于 20°C (68°F)）。,沿惠河高速公路行驶，从四角楼或太美出口下高速公路，经平岭到达龙门温泉。,"Drive along Huihe Expressway, leave the expressway at Si Jiao Lou or Tai Mei Exit, via Pingling to Longmen Hot Spring."
14,"This event indicates an attempt to create a Trojan horse version of EXPLORER.EXE, TASKMANAGER.EXE, NDDEAGENT.EXE, or USERINIT.EXE in the root of the system drive (the default user folder, if none is specified).",此事件表示尝试在系统驱动器根目录（默认用户文件夹，如果未指定）中创建 EXPLORER.EXE、TASKMANAGER.EXE、NDDEAGENT.EXE 或 USERINIT.EXE 的特洛伊木马版本。,"This event indicates an attempt to create a Trojan horse (a malicious program that is disguised as legitimate software) version of EXPLORER.EXE, TASKMANAGER.EXE, NDDEAGENT.EXE, or USERINIT.EXE in the root of the system drive (the default user folder, if none is specified).",此事件表示尝试在系统驱动器根目录（默认用户文件夹（如果未指定）。,此事件表示尝试在系统驱动器根目录默认用户文件夹。,此事件表示尝试在系统驱动器根目录中创建 EXPLORER.EXE、TASKMANAGER.EXE、NDDEAGENT.EXE 或 USERINIT.EXE 的特洛伊木马版本。
15,"A construction of authentication codes with arbitration from subspace of vector space over finite fields is presented, the parameters of the code are computed.",提出了有限域上向量空间子空间仲裁的认证码构造，并计算了该码的参数。,"A construction of authentication codes with arbitration from subspace of vector space (a set of elements called vectors, together with some field and operations called addition (mapping two vectors to a vector) and scalar multiplication (mapping a vector and an element in the field to a vector), satisfying a list of constraints) over finite fields is presented, the parameters of the code are computed.",从向量空间的子空间（称为向量的一组元素，以及称为加法（将两个向量映射到一个向量）和标量乘法（将向量和字段中的元素映射到给出了有限域上满足一系列约束的向量），并计算了代码的参数。,从向量空间的子空间称为向量的一组元素，以及称为加法和标量乘法，并计算了代码的参数。,提出了有限域上向量空间子空间仲裁的认证码构造，并计算了该码的参数。
16,And the bottom line is -- the reason why this works is,最重要的是——这有效的原因是,And the bottom line (the summary or result; the most important information) is -- the reason why this works is,底线（总结或结果；最重要的信息）是——它起作用的原因是,底线是——它起作用的原因是,最重要的是——这有效的原因是
17,Her immune system is severely compromised.,她的免疫系统严重受损。,"Her immune system (the system that differentiates self from non-self and protects the body from foreign substances and pathogenic organisms by producing an immune response, it includes organs such as the thymus, the spleen and lymph nodes; tissue such as bone marrow, and lymphoid tissues such as the tonsils; cells such as lymphocytes including the B cells and T cells, and cell products such as antibodies) is severely compromised.",她的免疫系统（区分自我和非自我并通过产生免疫反应保护身体免受外来物质和病原生物侵害的系统，包括胸腺、脾脏和淋巴结等器官；骨髓等组织和淋巴组织（如扁桃体）；细胞（如淋巴细胞，包括 B 细胞和 T 细胞）以及细胞产物（如抗体）受到严重损害。,她的免疫系统区分自我和非自我并通过产生免疫反应保护身体免受外来物质和病原生物侵害的系统，包括胸腺、脾脏和淋巴结等器官；骨髓等组织和淋巴组织；细胞以及细胞产物受到严重损害。,她的免疫系统严重受损。
18,"Air Macau also flies to Beijing, Shanghai, Chengdu, Gulin, Kunming, Nanjing, Shenzhen and Xiamen in mainland China, Taipei and Kaohsiung, Bangkok, Seoul, Pusan and Manila.","Air Macau also flies to Beijing, Shanghai, Chengdu, Gulin, Kunming, Nanjing, Shenzhen and Xiamen in mainland China, Taipei and Kaohsiung, Bangkok, Seoul, Pusan and Manila.","Air Macau also flies to Beijing, Shanghai, Chengdu, Gulin, Kunming, Nanjing, Shenzhen and Xiamen in mainland China (see: mainland, China, also), Taipei and Kaohsiung, Bangkok, Seoul, Pusan and Manila.",澳门航空还飞往中国大陆的北京、上海、成都、古蔺、昆明、南京、深圳和厦门（参见：中国大陆、还有）、台北和高雄、曼谷、首尔、釜山和马尼拉。,澳门航空还飞往中国大陆的北京、上海、成都、古蔺、昆明、南京、深圳和厦门、台北和高雄、曼谷、首尔、釜山和马尼拉。,"Air Macau also flies to Beijing, Shanghai, Chengdu, Gulin, Kunming, Nanjing, Shenzhen and Xiamen in mainland China, Taipei and Kaohsiung, Bangkok, Seoul, Pusan and Manila."
19,Study on a series of fermented taro products with lactic acid,乳酸发酵芋头系列制品的研究,"Study on a series of fermented taro products with lactic acid (2-hydroxy-propanoic acid (CH3.CHOH.CO2H), a syrupy liquid, soluble in water; found in milk, wine and many fruits; used as a food additive and in many industrial applications)",研究一系列用乳酸（2-羟基丙酸（CH3.CHOH.CO2H）制成的发酵芋头产品，这是一种糖浆状液体，可溶于水；存在于牛奶、葡萄酒和许多水果中；用作食品添加剂并用于许多工业用途）,研究一系列用乳酸,乳酸发酵芋头系列制品的研究
20,A STUDY ON THE AGE AND GROWTH OF SILVER CARP HYPOPHTHALMICHTHYS MOLITPIX (CUVIER ET VALENCIENNES) AND BIGHEAD ARISTICHTHYS NOBILIS (RICHARDSON) IN HEI MU MAN RESERVOIR AND THEIR RATIONAL STOCKING,黑目曼水库鲢鱼、鳙鱼的年龄、生长及合理放养的研究,"A STUDY ON THE AGE AND GROWTH OF SILVER CARP (a fish of the species Hypophthalmichthys molitrix, native to East Asia, cultivated as a food fish) HYPOPHTHALMICHTHYS MOLITPIX (CUVIER ET VALENCIENNES) AND BIGHEAD ARISTICHTHYS NOBILIS (RICHARDSON) IN HEI MU MAN RESERVOIR AND THEIR RATIONAL STOCKING","结果表明:在1999年,我国在饲料添加剂市场上占有较大的份额,在1999年我国在饲料添加剂市场上占有较大的份额。","结果表明:在1999年,我国在饲料添加剂市场上占有较大的份额,在1999年我国在饲料添加剂市场上占有较大的份额。",黑目曼水库鲢鱼、鳙鱼的年龄、生长及合理放养的研究
21,(1) The Commissioner shall assign to a motor vehicle in respect of which he has issued an international circulation permit a registration mark which shall be-,(c) 凡署长根据第(1)款发出国际通行许可证，而该许可证是在该车辆的驾驶执照有效期内有效，则署长可在该车辆的驾驶执照有效期内，将该车辆的驾驶执照发给该车辆的注册代理人。,(1) The Commissioner shall assign to a motor vehicle (any land-based means of transportation in the form of a machine that operates primarily through a motor to provide power to rotate the tires) in respect of which he has issued an international circulation permit a registration mark which shall be-,(c) 在第(2)款的规定下，车辆登记号码为车辆登记号码的1%，而该号码的1%，即为车辆登记号码的1%。, 在第款的规定下，车辆登记号码为车辆登记号码的1%，而该号码的1%，即为车辆登记号码的1%。, 凡署长根据第款发出国际通行许可证，而该许可证是在该车辆的驾驶执照有效期内有效，则署长可在该车辆的驾驶执照有效期内，将该车辆的驾驶执照发给该车辆的注册代理人。
22,"(1) Every motor vehicle, other than a bus or light bus, shall be so designed and constructed that the driver-",(c) 在第(2)款的规定下，任何车辆在驾驶人认为合适的情况下，不得超逾任何车辆牌照所指明的牌照长度。,"(1) Every motor vehicle (any land-based means of transportation in the form of a machine that operates primarily through a motor to provide power to rotate the tires), other than a bus or light bus, shall be so designed and constructed that the driver-",(1) 除巴士或小型巴士外，每辆汽车（任何以机器形式运作的陆上交通工具，主要通过发动机提供动力使轮胎转动）均须如此设计和构造，以使司机-, 除巴士或小型巴士外，每辆汽车均须如此设计和构造，以使司机-, 在第款的规定下，任何车辆在驾驶人认为合适的情况下，不得超逾任何车辆牌照所指明的牌照长度。
23,(4) The Society shall not consider work experience gained prior to entering into a trainee solicitor contract in Hong Kong as relevant for the purposes of paragraph (3) unless it is satisfied that-,(4) 律师会不得将在香港签订见习律师合约之前所获得的工作经验视为与第(3)款的目的相关，除非律师会信纳 ——,(4) The Society shall not consider work experience (professional experience) gained prior to entering into a trainee solicitor contract in Hong Kong as relevant for the purposes of paragraph (3) unless it is satisfied that-,(3) 律师会须确保在根据本条例第(2)款订立实习律师合约前，该等实习律师合约是有效的。, 律师会须确保在根据本条例第款订立实习律师合约前，该等实习律师合约是有效的。, 律师会不得将在香港签订见习律师合约之前所获得的工作经验视为与第款的目的相关，除非律师会信纳 ——
24,"(2) In the case of any such accident, the driver of the vehicle shall, if required, give to any police officer or to any person having reasonable grounds for so requiring the following particulars-",(1) 凡在根据第(1)款所订的条文所指明的地点，有人因违反第(1)款而引致意外，则该人可在该地点行使其权力，而该人可在该地点行使其权力。,"(2) In the case of any such accident, the driver of the vehicle shall, if required, give to any police officer (a peace officer who is a member of a police force) or to any person having reasonable grounds for so requiring the following particulars-",（2）发生此类事故时，车辆驾驶员应根据要求向任何警务人员（警察部队中的治安官）或任何有合理理由要求提供以下详细信息的人提供以下详细信息：,发生此类事故时，车辆驾驶员应根据要求向任何警务人员或任何有合理理由要求提供以下详细信息的人提供以下详细信息：, 凡在根据第款所订的条文所指明的地点，有人因违反第款而引致意外，则该人可在该地点行使其权力，而该人可在该地点行使其权力。
25,"(2) Notice may be given to the Commissioner in office hours on any working day before that on which the operation begins, and shall specify-",(1) 任何根据第(1)款作出的命令，如属有效，则可将该命令送交关长，并可将该命令送交关长。,"(2) Notice may be given to the Commissioner in office hours on any working day (the part of a day in which work is done; the number of hours one must work per day for a specified wage) before that on which the operation begins, and shall specify-",(1) 任何人违反任何条文，即属犯罪，可处罚款$ 1000。, 任何人违反任何条文，即属犯罪，可处罚款$ 1000。, 任何根据第款作出的命令，如属有效，则可将该命令送交关长，并可将该命令送交关长。
26,Moulding materials for windows of unplasticized polyvinyl chloride — Part 1: Designation,未增塑聚氯乙烯窗用模塑材料 第 1 部分：名称,"Moulding materials for windows of unplasticized polyvinyl chloride (a thermoplastic resin produced by the polymerization of vinyl chloride; used as an electrical insulator and in many other applications. Can be compounded into flexible and rigid forms through the use of plasticizers, stabilizers, fillers and other modifiers) — Part 1: Designation",未塑化聚氯乙烯（一种由氯乙烯聚合产生的热塑性树脂；用作电绝缘体和许多其他应用）窗户的成型材料。可以通过使用增塑剂、稳定剂、填料和其他材料复合成柔性和刚性形式修饰符）——第 1 部分：名称,未塑化聚氯乙烯窗户的成型材料。可以通过使用增塑剂、稳定剂、填料和其他材料复合成柔性和刚性形式修饰符——第 1 部分：名称,未增塑聚氯乙烯窗用模塑材料 第 1 部分：名称
27,"The ethanol-water extract of Schefflera venulosa was successively partitioned with CHCh, EtoAc and n-butanol to yield crude extracts. From the bioactive part, CHCls extract, three compounds 4-16 were isolated by repeated column chromatography on silica gel, Sephadex LH-20 and RP18, followed by recrystalization.","以脉叶鹅掌藤的乙醇-水提取物为原料,依次用乙醚、乙酸乙酯和正丁醇进行分离,得到粗提取物;通过硅胶、Sephadex LH-20和RP18柱层析和重结晶等方法,从活性部位氯仿提取物中分离得到3个化合物4~16。","The ethanol-water extract of Schefflera venulosa was successively partitioned with CHCh, EtoAc and n-butanol to yield crude extracts. From the bioactive part, CHCls extract, three compounds 4-16 were isolated by repeated column chromatography on silica gel (a granular, porous form of silica made synthetically from sodium silicate and used as a desiccant), Sephadex LH-20 and RP18, followed by recrystalization.",用CHCl、EtoAc和正丁醇依次分离Schefflera venulosa的乙醇-水提取物，得到粗提取物。从生物活性部分CHCls提取物中，通过反复柱层析分离出三种化合物4-16，这些化合物在硅胶（由硅酸钠合成的颗粒状多孔二氧化硅，用作干燥剂）、Sephadex LH-20和RP18上，然后进行重结晶。,用CHCl、EtoAc和正丁醇依次分离Schefflera venulosa的乙醇-水提取物，得到粗提取物。从生物活性部分CHCls提取物中，通过反复柱层析分离出三种化合物4-16，这些化合物在硅胶、Sephadex LH-20和RP18上，然后进行重结晶。,"以脉叶鹅掌藤的乙醇-水提取物为原料,依次用乙醚、乙酸乙酯和正丁醇进行分离,得到粗提取物;通过硅胶、Sephadex LH-20和RP18柱层析和重结晶等方法,从活性部位氯仿提取物中分离得到3个化合物4~16。"
28,So Lo Pun Fresh Water Break Pressure Tank,扫罗盘淡水溢流压力罐,"So Lo Pun Fresh Water (water with a very low content of dissolved salt, as opposed to brackish water or salt water) Break Pressure Tank",So Lo Pun 淡水（溶解盐含量极低的水，与苦咸水或咸水不同） 破压罐,So Lo Pun 淡水 破压罐,扫罗盘淡水溢流压力罐
29,"(2) The committee shall consist of twelve voting members, or such other number as may be prescribed, elected at the annual general meeting together with the following ex-officio members-",(1) 委员会须为本条例所订的条文，并须符合第(1)款的规定。,"(2) The committee shall consist of twelve voting members, or such other number as may be prescribed, elected at the annual general meeting (a meeting that official bodies, associations and companies hold each year to elect the board of directors and inform their members of previous and future activities. Commonly abbreviated as AGM) together with the following ex-officio members-",（2）委员会由在年度股东大会（官方机构、协会和公司每年举行的会议，选举董事会并告知其成员过去和未来的活动。通常缩写为年度股东大会）上选出的十二名有表决权的成员或规定的其他人数，以及以下当然成员组成：,委员会由在年度股东大会上选出的十二名有表决权的成员或规定的其他人数，以及以下当然成员组成：, 委员会须为本条例所订的条文，并须符合第款的规定。
30,but plasma t - PA is less than those of control group and stable angina pectoris with static signifi-cance (P <0.01).,而血浆t-PA低于对照组及稳定性心绞痛组，具有统计学意义（P&lt;0.01）。,but plasma t - PA is less than those of control group and stable angina pectoris (intermittent crushing chest pain caused by reversible myocardial ischemia) with static signifi-cance (P <0.01).,结论:1、本研究旨在探讨急性心肌梗塞（心肌缺血引起的间歇性压迫性胸痛）的临床治疗策略，为临床治疗提供理论依据。,结论:1、本研究旨在探讨急性心肌梗塞的临床治疗策略，为临床治疗提供理论依据。,而血浆t-PA低于对照组及稳定性心绞痛组，具有统计学意义。
31,they couldn't shrink the vacuum tube any more and keep the vacuum.,他们无法再缩小真空管并保持真空。,"they couldn't shrink the vacuum tube (a type of electron tube that controls electron current through vacuum between electrodes within a sealed container, usually of glass or metal and often designed to be easily installed in and removed from the equipment in which it is used) any more and keep the vacuum.",他们无法缩小真空管（一种电子管，通过密封容器内的电极之间的真空控制电子电流，通常由玻璃或金属制成，通常设计为易于安装在使用它的设备中或从设备中拆卸) 不再并保持真空。,他们无法缩小真空管一种电子管，通过密封容器内的电极之间的真空控制电子电流，通常由玻璃或金属制成，通常设计为易于安装在使用它的设备中或从设备中拆卸 不再并保持真空。,他们无法再缩小真空管并保持真空。
32,(g) a respondent in an appeal by way of case stated by the Attorney General under section 105 of the Magistrates Ordinance (Cap 227) may be granted legal aid under these rules for the appeal and in any proceedings preliminary or incidental thereto; (L.N. 65 of 1976),(f) 凡律政司根据《裁判官条例》(第227章)第105条提出上诉，而答辩人在该上诉中及在该上诉的初步程序或附带程序中，均可根据本规则获得法律援助; (1976年第65号法律公告),"(g) a respondent in an appeal by way of case stated by the Attorney General under section 105 of the Magistrates Ordinance (Cap 227) may be granted legal aid (free or low-cost service in the field of law, for the indigent) under these rules for the appeal and in any proceedings preliminary or incidental thereto; (L.N. 65 of 1976)",(f) 任何根据本规则获授权代表任何人提出上诉，而该等上诉是在该等上诉的聆讯中作出的; (1976年第65号法律公告), 任何根据本规则获授权代表任何人提出上诉，而该等上诉是在该等上诉的聆讯中作出的;, 凡律政司根据《裁判官条例》第105条提出上诉，而答辩人在该上诉中及在该上诉的初步程序或附带程序中，均可根据本规则获得法律援助;
33,"(3) Where the Council is of the opinion that a person undergoing a period of assessment is unlikely to attain the professional standards required of a registered medical practitioner, the Council may terminate that person's period of assessment. (Amended 87 of 1995 s. 9)",(2) 任何获认可的注册医生，如其专业水平符合注册医生所须符合的水平，则该局可发出该等认可的注册医生证书，以证明该医生已获认可。(由1995年第87号第9条修订),"(3) Where the Council is of the opinion that a person undergoing a period of assessment is unlikely to attain the professional standards required of a registered medical practitioner (a person who practices medicine, especially one licensed to do so, such as a physician, dentist, surgeon, or veterinarian), the Council may terminate that person's period of assessment. (Amended 87 of 1995 s. 9)",(3) 凡理事会认为正在接受考核的人不可能达到注册医生(行医的人，特别是持有行医执照的人，例如内科医生、牙医、外科医生或兽医)所规定的专业标准，理事会可终止该人的考核期。(由1995年第87号第9条修订), 凡理事会认为正在接受考核的人不可能达到注册医生所规定的专业标准，理事会可终止该人的考核期。, 任何获认可的注册医生，如其专业水平符合注册医生所须符合的水平，则该局可发出该等认可的注册医生证书，以证明该医生已获认可。
34,Application of affine transformation in leak location for pipelines,仿射变换在管道泄漏定位中的应用,"Application of affine transformation (a geometric transformation that preserves lines and parallelism, but in general not lengths or angles; an automorphism of an affine space: a mapping of an affine space onto itself that preserves both the dimension of any affine subspace and the ratio of the lengths of any pair of parallel line segments) in leak location for pipelines",仿射变换的应用（一种保留直线和平行度的几何变换，但通常不保留长度或角度；仿射空间的自同构：仿射空间到其自身的映射，保留任何仿射子空间的维度和管道泄漏定位中任意一对平行线段的长度,仿射变换的应用一种保留直线和平行度的几何变换，但通常不保留长度或角度；仿射空间的自同构：仿射空间到其自身的映射，保留任何仿射子空间的维度和管道泄漏定位中任意一对平行线段的长度,仿射变换在管道泄漏定位中的应用
35,"My day off today, just looking around",今天休息，随便逛逛,"My day off (a day of vacation; a day when one does not go to work, school, etc.) today, just looking around",今天我的休息日（休假的一天；不去上班、不上学等的一天），只是环顾四周,今天我的休息日，只是环顾四周,今天休息，随便逛逛
36,"(b) subject to subsection (3), require the applicant to apply to the Court of First Instance for rectification of the register. (Amended 25 of 1998 s. 2)",(a) 就本条例所订的事宜，向原讼法庭提出申请，要求更正登记册，惟该等申请须经原讼法庭批准，并须在该登记册内注明日期起计的期间内，向原讼法庭提出申请，要求更正登记册，而 ...,"(b) subject to subsection (3), require the applicant to apply to the Court of First Instance (a court of law where legal proceedings are first heard) for rectification of the register. (Amended 25 of 1998 s. 2)",(a) 就登记册而言，如该等登记册属注册人所登记，则该登记册可获注册为注册人登记册;或, 就登记册而言，如该等登记册属注册人所登记，则该登记册可获注册为注册人登记册;或, 就本条例所订的事宜，向原讼法庭提出申请，要求更正登记册，惟该等申请须经原讼法庭批准，并须在该登记册内注明日期起计的期间内，向原讼法庭提出申请，要求更正登记册，而 ...
37,"(1) Subject to paragraph (2), no person shall store, or cause or permit to be stored, a freight container containing dangerous goods-",(c) 凡在指明的日期前，将载有危险货物的货柜存放在指明的地点，或指明的地点存放在该指明的地点的货物，则须将该货柜存放在指明的地点。,"(1) Subject to paragraph (2), no person shall store, or cause or permit to be stored, a freight container containing dangerous goods (substances, natural or man-made, which are intrinsically dangerous or otherwise pose a safety hazard. Examples include explosives, poisons, and corrosives)-",(1) 除第 (2) 款另有规定外，任何人不得储存、导致或允许储存载有危险货物（天然或人造物质，本质上是危险的或在其他方面构成安全隐患。例子包括爆炸物、毒药和腐蚀剂）的货运集装箱 -, 除第 款另有规定外，任何人不得储存、导致或允许储存载有危险货物的货运集装箱 -, 凡在指明的日期前，将载有危险货物的货柜存放在指明的地点，或指明的地点存放在该指明的地点的货物，则须将该货柜存放在指明的地点。
38,"(1) No member of the Authority or of any committee, acting in good faith, shall be personally liable for any act done or default made-",(c) 任何委员会的成员，不论是委员会成员或任何委员会的主席或成员是否已就任何委员会的职能或职责而委任，均须负上个人法律责任。,"(1) No member of the Authority or of any committee, acting in good faith (good, honest intentions, even if producing unfortunate results), shall be personally liable for any act done or default made-",(1) 管理局或任何委员会的任何成员，即使本着善意(善意、诚实的意图，即使产生不良结果)行事，亦无须对所作出的任何行为或不作为承担个人责任：, 管理局或任何委员会的任何成员，即使本着善意行事，亦无须对所作出的任何行为或不作为承担个人责任：, 任何委员会的成员，不论是委员会成员或任何委员会的主席或成员是否已就任何委员会的职能或职责而委任，均须负上个人法律责任。
39,We can get blood type right away.,我们可以立即得到血型。,"We can get blood type (a classification of blood that is based on the presence or absence of antigens in the red blood cells of an individual, for the purposes of blood transfusion three antigens referred to as ""A"", ""B"" and ""RhD"" (out of a total of 29) are the most important. Based on their presence the human blood can be classified to A, AB, B, and O blood types which are further divided to Rh positive or negative) right away.",我们可以得到血型（根据个体红细胞中是否存在抗原对血液进行分类，为了输血的目的，三种抗原称为“A”、“B”和“RhD”） “（总共 29 种血型中）是最重要的。根据它们的存在，人类血液可以立即分为 A、AB、B 和 O 型血，进一步分为 Rh 阳性或阴性）。,我们可以得到血型 “是最重要的。根据它们的存在，人类血液可以立即分为 A、AB、B 和 O 型血，进一步分为 Rh 阳性或阴性。,我们可以立即得到血型。
40,(3) In addition to the requirements of subregulation (1) there shall be provided in any such spaces containing internal combustion type machinery-,(2) 除第(1)款另有规定外，任何设有内燃机的舱间，须设置─,"(3) In addition to the requirements of subregulation (1) there shall be provided in any such spaces containing internal combustion (the process where fuel is burned within an engine such as a diesel engine, producing power directly as opposed to externally such as in a steam engine) type machinery-",(2) 凡任何该等舱室设有通风孔，并有足够通风量，使该等舱室的空气能供应舱的运作，则须在该等舱室设置通风孔，使该等舱室的空气能供应舱的运作。, 凡任何该等舱室设有通风孔，并有足够通风量，使该等舱室的空气能供应舱的运作，则须在该等舱室设置通风孔，使该等舱室的空气能供应舱的运作。, 除第款另有规定外，任何设有内燃机的舱间，须设置─
41,"(1) Any power conferred on the Commission by section 50, 51, or 52 may be exercised in relation to a licensed leveraged foreign exchange trader if, and only if, it appears to the Commission that-",(1) 当且仅当委员会认为：,"(1) Any power conferred on the Commission by section 50, 51, or 52 may be exercised in relation to a licensed leveraged foreign exchange (foreign currency) trader if, and only if, it appears to the Commission that-",(c) 就任何持牌杠杆式外汇(外币)交易商而言，其根据第50、51或52条获授予的权力，可在该等情况下行使。, 就任何持牌杠杆式外汇交易商而言，其根据第50、51或52条获授予的权力，可在该等情况下行使。, 当且仅当委员会认为：
42,"""Every bill of lading in the hands of a consignee or indorsee for valuable consideration representing goods to have been shipped on board a vessel shall be conclusive evidence of such shipment as against the master or other person signing the same,""",”,"""Every bill of lading (a document issued by a carrier (e.g. master of a ship or the ship owner's agent) to a shipper listing a ship's cargo, acknowledging receipt of said cargo, and specifying terms for its delivery) in the hands of a consignee or indorsee for valuable consideration representing goods to have been shipped on board a vessel shall be conclusive evidence of such shipment as against the master or other person signing the same,""",“每份提单（由承运人（例如船长或船东代理人）向托运人签发的文件，列出船舶的货物，确认收到所述货物，并指定其交付条款）收货人或被背书人以有价值的对价代表已装船的货物，应作为此类装运的决定性证据，以对抗船长或其他签署该货物的人，”,“每份提单收货人或被背书人以有价值的对价代表已装船的货物，应作为此类装运的决定性证据，以对抗船长或其他签署该货物的人，”,”
43,"(2) The Public Health and Municipal Services Ordinance (Cap 132) does not apply to the Corporation, its property and affairs to the extent set out in the Schedule. (Amended 10 of 1986 s. 32 (1))",(1) 任何根据本条例第14A条订立的规例，均属有效。(由1986年第10号第32(1)条修订),"(2) The Public Health (the science and practice of community hygiene; includes preventive medicine, health education, sanitation and environmental safety) and Municipal Services Ordinance (Cap 132) does not apply to the Corporation, its property and affairs to the extent set out in the Schedule. (Amended 10 of 1986 s. 32 (1))",(2) 《公共卫生(社区卫生的科学及实践；包括预防医学、健康教育、卫生设施及环境安全)及市政服务条例》(第132章)不适用于公司、其财产及附表所列的事务。(由1986年第10号第32(1)条修订), 《公共卫生及市政服务条例》不适用于公司、其财产及附表所列的事务。, 任何根据本条例第14A条订立的规例，均属有效。
44,"(5) In this section ""Consumer Price Index (A)"" (甲类消费物价指数) means the index of that name compiled by the Commissioner for Census and Statistics.","(5) In this section ""Consumer Price Index (A)"" (甲类消费物价指数) means the index of that name compiled by the Commissioner for Census and Statistics.","(5) In this section ""Consumer Price Index (a statistical estimate of the level of prices of goods and services bought for consumption purposes by households) (A)"" (甲类消费物价指数) means the index of that name compiled by the Commissioner for Census and Statistics.",（5） 本条中的“甲类消费物价指数（对家庭消费所购买的商品和服务的价格水平的统计估计）（A）” （Consumer Price Index (a statistics estimate of price of the families purchase for the purpose of consumer) (A) ） 指由政府统计处处长编制的同名指数。, 本条中的“甲类消费物价指数” 指由政府统计处处长编制的同名指数。," In this section ""Consumer Price Index"" means the index of that name compiled by the Commissioner for Census and Statistics."
45,Have you been visiting with the Crown Prince again?,你又去拜访太子了吗？,Have you been visiting with the Crown Prince (a person designated and raised to become the next king) again?,您是否再次拜访过王储（被指定并培养成为下一任国王的人）？,您是否再次拜访过王储？,你又去拜访太子了吗？
46,Affirmative and the Focal Point of Affirmative,平权与平权的焦点,Affirmative and the Focal Point (a feature that attracts particular attention) of Affirmative,肯定语和肯定语的焦点（引起特别关注的特征）,肯定语和肯定语的焦点,平权与平权的焦点
47,"""conventional liquid fuel"" (常规液体燃料) and ""conventional solid fuel"" (常规固体燃料) have the same meanings as in regulation 3 (2) of the Air Pollution Control (Furnaces, Ovens and Chimneys) (Installation and Alteration) Regulations (Cap 311 sub. leg.);","""conventional liquid fuel"" (常规液体燃料) and ""conventional solid fuel"" (常规固体燃料) have the same meanings as in regulation 3 (2) of the Air Pollution Control (Furnaces, Ovens and Chimneys) (Installation and Alteration) Regulations (Cap 311 sub. leg.);","""conventional liquid fuel"" (常规液体燃料) and ""conventional solid fuel"" (常规固体燃料) have the same meanings as in regulation 3 (2) of the Air Pollution (the contamination of the atmosphere by noxious gases and particulates) Control (Furnaces, Ovens and Chimneys) (Installation and Alteration) Regulations (Cap 311 sub. leg.);",“常规液体燃料”(conventional liquid fuel) 及“常规固体燃料”(conventional solid fuel) 的涵义与《空气污染(有毒气体及粒子对大气的污染)管制(火炉、烤炉及烟囱)(安装及改动)规例》(第311章，附属法例)第3(2)条中该等词的涵义相同；,“常规液体燃料” 及“常规固体燃料” 的涵义与《空气污染管制规例》第3条中该等词的涵义相同；,"""conventional liquid fuel"" and ""conventional solid fuel"" have the same meanings as in regulation 3 of the Air Pollution Control Regulations;"
48,"The Angolan economy grew 15.5 percent last year, almost 4 percentage points above the growth posted in 2004, thanks to oil price increases and increased production of crude oil.",安哥拉国家石油公司总裁兼首席执行官阿卜杜拉•阿卜杜拉•阿卜杜拉在致辞中表示，安哥拉是“一带一路”沿线国家之一，是安哥拉经济的重要引擎。,"The Angolan economy grew 15.5 percent last year, almost 4 percentage points above the growth posted in 2004, thanks to oil price increases and increased production of crude oil (unrefined oil; as it is found underground, consisting mainly of hydrocarbons).",去年，安哥拉经济增长了 15.5％，比 2004 年的增长率高出近 4 个百分点，这要归功于油价上涨和原油（未精炼的石油；存在于地下，主要由碳氢化合物组成）产量的增加。,去年，安哥拉经济增长了 15.5％，比 2004 年的增长率高出近 4 个百分点，这要归功于油价上涨和原油产量的增加。,安哥拉国家石油公司总裁兼首席执行官阿卜杜拉•阿卜杜拉•阿卜杜拉在致辞中表示，安哥拉是“一带一路”沿线国家之一，是安哥拉经济的重要引擎。
49,Clinical Observation of Diabetes Mellitus of Type II Managed with Repaylinide,瑞贝西胺治疗2型糖尿病的临床观察,"Clinical Observation of Diabetes Mellitus (a medical disorder commonly called diabetes, characterized by varying or persistent hyperglycemia (high blood sugar levels), especially after eating) of Type II Managed with Repaylinide",使用 Repaylinide 治疗 II 型糖尿病（一种通常称为糖尿病的医学疾病，其特征是血糖水平变化或持续升高（尤其是进食后），临床观察,使用 Repaylinide 治疗 II 型糖尿病一种通常称为糖尿病的医学疾病，其特征是血糖水平变化或持续升高，临床观察,瑞贝西胺治疗2型糖尿病的临床观察
50,ANALYSIS OF SHOCK WAVE IN DTH BIT,潜孔钻头冲击波分析,ANALYSIS OF SHOCK WAVE (any violent disturbance) IN DTH BIT,DTH 比特中的冲击波（任何暴力干扰）分析,DTH 比特中的冲击波分析,潜孔钻头冲击波分析
51,Expression of Inducible Co-Stimulator on T lymphocytes in Peripheral Blood from the Patients with Systemic Lupus Erythematosus,系统性红斑狼疮患者外周血T淋巴细胞诱导型共刺激分子的表达,"Expression of Inducible Co-Stimulator on T lymphocytes in Peripheral Blood from the Patients with Systemic Lupus Erythematosus (a systemic autoimmune disease (or autoimmune connective tissue disease), where the immune system attacks the body's cells and tissue and causes inflammation and tissue damage)",系统性红斑狼疮（一种系统性自身免疫性疾病（或自身免疫性结缔组织疾病，免疫系统攻击人体细胞和组织，引起炎症和组织损伤）患者外周血 T 淋巴细胞上可诱导共刺激分子的表达）,系统性红斑狼疮,系统性红斑狼疮患者外周血T淋巴细胞诱导型共刺激分子的表达
52,"Studies on Physical Carbon,Chemical Carbon and Mixed Carbon in the Declouring of Monosodium Glutamate",物理炭、化学炭及混合炭对味精脱色作用的研究,"Studies on Physical Carbon,Chemical Carbon and Mixed Carbon in the Declouring of Monosodium Glutamate (the mono sodium salt of the amino acid, glutamic acid; present in soy sauce; used as a condiment in Chinese and Japanese cooking, and as a food additive to enhance flavor and add the umami taste. Abbreviations: MSG, E621)",谷氨酸钠（氨基酸谷氨酸的单钠盐；存在于酱油中；用作中餐和日式烹饪的调味品，以及作为食品添加剂来增强风味和增加鲜味。缩写：MSG，E621）脱色中物理碳、化学碳和混合碳的研究,谷氨酸钠脱色中物理碳、化学碳和混合碳的研究,物理炭、化学炭及混合炭对味精脱色作用的研究
53,"An ecological study on the laboratory population of Oryzaephilus surinamensis (L.) was carried out under the treatment combination of five levels of temperature(25,20,28 9,30,38℃)and three levels of relative humidity(55%RH,76%RH,93%RH).",【摘要】：以5级温度(25、20、28 9、30、38℃)和3级相对湿度(55%RH、 76%RH、93%RH）。,"An ecological study on the laboratory population of Oryzaephilus surinamensis (L.) was carried out under the treatment combination of five levels of temperature(25,20,28 9,30,38℃)and three levels of relative humidity (the ratio of the actual amount of water vapor (absolute humidity) present in the air to the saturation point at the same temperature, usually expressed as a percentage)(55%RH,76%RH,93%RH).",【摘要】：以5级温度(25、20、28℃、9、30、38℃)和3级相对湿度(相对湿度的比值)处理组合对苏里南稻(Oryzaephilus surinamensis)实验室种群进行生态学研究。在相同温度下达到饱和点时空气中实际存在的水蒸气量（绝对湿度），通常以百分比表示）（55%RH、76%RH、93%RH）。,【摘要】：以5级温度和3级相对湿度处理组合对苏里南稻实验室种群进行生态学研究。在相同温度下达到饱和点时空气中实际存在的水蒸气量，通常以百分比表示。,【摘要】：以5级温度和3级相对湿度55%RH、 76%RH、93%RH。
54,"Neves also said the government would launch an international promotion campaign for the other large public work that the archipelago has in mind, Sao Tome's new international airport.",圣普政府计划在2011年建设一座机场，以取代传统的巴士。圣普政府计划在2012年建设一座机场，以取代传统的巴士。,"Neves also said the government would launch an international promotion campaign for the other large public work that the archipelago has in mind, Sao Tome's new international airport (an airport that accepts international flights).",内韦斯还表示，圣普政府将开展国际宣传活动，宣传圣普正在考虑的另一项大型公共工程——圣普新国际机场（一座可起降国际航班的机场）。,内韦斯还表示，圣普政府将开展国际宣传活动，宣传圣普正在考虑的另一项大型公共工程——圣普新国际机场。,圣普政府计划在2011年建设一座机场，以取代传统的巴士。圣普政府计划在2012年建设一座机场，以取代传统的巴士。
55,(1) For the purposes of these regulations the documents to be completed in respect of dangerous goods are-,(c) 凡根据第(1)款获授权代表任何危险货物的承运人，或因任何该等承运人认为合适的人选而获授权代表该等承运人，则可就该等承运人就该等承运人而订立的任何规例。,"(1) For the purposes of these regulations the documents to be completed in respect of dangerous goods (substances, natural or man-made, which are intrinsically dangerous or otherwise pose a safety hazard. Examples include explosives, poisons, and corrosives) are-",(c) 凡在指明的运输程序中，有人违反第(1)款的规定，可处罚款$ 1000。, 凡在指明的运输程序中，有人违反第款的规定，可处罚款$ 1000。, 凡根据第款获授权代表任何危险货物的承运人，或因任何该等承运人认为合适的人选而获授权代表该等承运人，则可就该等承运人就该等承运人而订立的任何规例。
56,automatic oil temperature control tank for machine tool,机床自动油温控制箱,"automatic oil temperature control tank for machine tool (a tool, typically a power-driven machine and typically stationary, used especially for machining (removing hard material via cutting, grinding, or other subtractive processes) and (more broadly) for any mix of subtractive, forming/stamping, or work)",机床（一种工具，通常是动力驱动机器，通常是固定的，特别用于机械加工（通过切割、磨削或其他减材工艺去除硬质材料）和（更广泛地）减材的任何组合的自动油温控制箱、成型/冲压或工作）,机床,机床自动油温控制箱
57,(c) to authorize the annual report or statements of receipts and payments and of assets and liabilities of the Council; (Amended 65 of 1979 s. 2),(b) 批准委员会的日常工作，并批准委员会就该局的日常运作及该局的财务事宜作出报告; (由1979年第65号第2条修订),"(c) to authorize the annual report (in business law, a comprehensive report on a the activities of a company throughout the preceding year, generally produced in compliance with requirements established by government agencies) or statements of receipts and payments and of assets and liabilities of the Council; (Amended 65 of 1979 s. 2)",(c) 批准编制年度报告（在商业法中，指关于公司前一年全年活动的综合报告，一般按照政府机构制定的要求编制）或理事会的收支报表和资产负债报表；（由 1979 年第 65 号第 2 条修订）, 批准编制年度报告或理事会的收支报表和资产负债报表；, 批准委员会的日常工作，并批准委员会就该局的日常运作及该局的财务事宜作出报告;
58,(c) the declaration of any dangerous goods to be prohibited goods for the purposes of this Ordinance; (Added 8 of 1959 s. 3),(b) 就本条例而言，任何危险品的运输或运输方式，须受《1959年第8号第3条增补),"(c) the declaration of any dangerous goods (substances, natural or man-made, which are intrinsically dangerous or otherwise pose a safety hazard. Examples include explosives, poisons, and corrosives) to be prohibited goods for the purposes of this Ordinance; (Added 8 of 1959 s. 3)",(c) 将任何危险货物（天然或人造的物质，本身具有危险性或在其他方面构成安全隐患。例子包括爆炸物、毒药和腐蚀剂）申报为本条例所指的禁运货物；（由1959年第8号第3条增补）, 将任何危险货物申报为本条例所指的禁运货物；, 就本条例而言，任何危险品的运输或运输方式，须受《1959年第8号第3条增补
59,"The change in financing is in line with recent recommendations from the Development Assistance Committee of the Organization for Economic Cooperation and Development(OECD), which suggested the change, considering the progress made by Cape Verde's public financing.",佛得角财政部长姆努钦表示，佛得角政府已开始实施一项财政改革，以取代政府的财政紧缩政策。,"The change in financing is in line with recent recommendations from the Development Assistance Committee of the Organization for Economic Cooperation and Development(OECD), which suggested the change, considering the progress made by Cape Verde (archipelago in West Africa)'s public financing.",此次融资方式的变化符合经济合作与发展组织（OECD）发展援助委员会最近的建议，该委员会考虑到佛得角（西非群岛）公共融资所取得的进展，提出了这一变化。,此次融资方式的变化符合经济合作与发展组织发展援助委员会最近的建议，该委员会考虑到佛得角公共融资所取得的进展，提出了这一变化。,佛得角财政部长姆努钦表示，佛得角政府已开始实施一项财政改革，以取代政府的财政紧缩政策。
60,"After converted from CT to conservational tillage for 13 years,the mean organic carbon sequestration rate was 53 g·m-2·a-1 and 25 g·m-2·a-1 at the depths of 0-10 cm and 10-20 cm,while under CT,it was 26 g·m-2·a-1 and 33 g·m-2·a-1,respectively.","连续耕作转为保护性耕作13年后,0~10 cm和10~20 cm土层平均有机碳固存速率分别为53 g·m-2·a-1和25 g·m-2·a-1,而连续耕作条件下0~10 cm和10~20 cm土层平均有机碳固存速率分别为26 g·m-2·a-1和33 g·m-2·a-1。","After converted from CT to conservational tillage for 13 years,the mean organic carbon sequestration (the natural removal of carbon from the atmosphere by the soil and plants) rate was 53 g·m-2·a-1 and 25 g·m-2·a-1 at the depths of 0-10 cm and 10-20 cm,while under CT,it was 26 g·m-2·a-1 and 33 g·m-2·a-1,respectively.","结果表明:在土壤有机碳吸收利用方面,CT法对土壤有机碳吸收利用效果最好;","结果表明:在土壤有机碳吸收利用方面,CT法对土壤有机碳吸收利用效果最好;","连续耕作转为保护性耕作13年后,0~10 cm和10~20 cm土层平均有机碳固存速率分别为53 g·m-2·a-1和25 g·m-2·a-1,而连续耕作条件下0~10 cm和10~20 cm土层平均有机碳固存速率分别为26 g·m-2·a-1和33 g·m-2·a-1。"
61,"""gazetted police officer"" (宪委级警务人员) includes officers of all ranks from and including the Commissioner down to and including superintendent; (Amended 37 of 1974 s. 2)","""gazetted police officer"" (宪委级警务人员) includes officers of all ranks from and including the Commissioner down to and including superintendent; (Amended 37 of 1974 s. 2)","""gazetted police officer (a peace officer who is a member of a police force)"" (宪委级警务人员) includes officers of all ranks from and including the Commissioner down to and including superintendent; (Amended 37 of 1974 s. 2)",“宪委级警务人员”（gazetted police official (a peace Officer who is a peace Officer who is a police force member of a police force)） 包括自专员（包括专员）至警司（包括警司）各级警官；（由 1974 年第 37 号第 2 条修订）,“宪委级警务人员” 包括自专员至警司各级警官；,"""gazetted police officer"" includes officers of all ranks from and including the Commissioner down to and including superintendent;"
62,The 1990 Nobel Prize for medicine was won by two Americans.,1990年诺贝尔医学奖由两名美国人获得。,"The 1990 Nobel Prize (any of the international prizes awarded annually by the Nobel Foundation for outstanding achievements in the fields of physics, chemistry, physiology or medicine, literature and for the promotion of world peace; or the prize in economics awarded by the Swedish National Bank, in memorial of Alfred Nobel) for medicine was won by two Americans.",1990年诺贝尔奖（诺贝尔基金会每年颁发的任何国际奖项，奖励在物理、化学、生理学或医学、文学领域以及促进世界和平方面的杰出成就；或瑞典国家科学院颁发的经济学奖两位美国人赢得了医学奖，以纪念阿尔弗雷德·诺贝尔。,1990年诺贝尔奖诺贝尔基金会每年颁发的任何国际奖项，奖励在物理、化学、生理学或医学、文学领域以及促进世界和平方面的杰出成就；或瑞典国家科学院颁发的经济学奖两位美国人赢得了医学奖，以纪念阿尔弗雷德·诺贝尔。,1990年诺贝尔医学奖由两名美国人获得。
63,"Zhang Sifu, Jia Zhongsheng, Du Xingjia et al.Immiscible natural gas displacement field test in Daqing oilfield.","Zhang Sifu, Jia Zhongsheng, Du Xingjia et al.Immiscible natural gas displacement field test in Daqing oilfield.","Zhang Sifu, Jia Zhongsheng, Du Xingjia et al.Immiscible natural gas (a mixture of gaseous hydrocarbons associated with petroleum deposits; mostly methane with smaller amounts of ethane, propane and butane; principally used as a fuel) displacement field test in Daqing oilfield.","张思福, 贾忠胜, 杜兴家等. 大庆油田非混相天然气（与石油矿床伴生的一类气态烃混合物，主要成分为甲烷，还有少量的乙烷、丙烷和丁烷，主要用作燃料）驱油现场试验.","张思福, 贾忠胜, 杜兴家等. 大庆油田非混相天然气驱油现场试验.","Zhang Sifu, Jia Zhongsheng, Du Xingjia et al.Immiscible natural gas displacement field test in Daqing oilfield."
64,A PROOF MATHEMATICAL INDUCTION OF THEOREM “det(AB)=detA det B”,定理“the(AB)=theA the B”的数学归纳证明,"A PROOF MATHEMATICAL INDUCTION (a method of proof which, in terms of a predicate P, could be stated as: if P(0) is true and if for any natural number n \ge 0, P(n) implies P(n + 1), then P(n) is true for any natural number n) OF THEOREM “det(AB)=detA det B”",证明数学归纳法（一种证明方法，就谓词 P 而言，可以表述为：如果 P(0) 为真并且对于任何自然数 n \ge 0，P(n) 意味着 P(n + 1)，则 P(n) 对于任何自然数 n) 定理“det(AB)=detA det B”均成立,证明数学归纳法一种证明方法，就谓词 P 而言，可以表述为：如果 P 为真并且对于任何自然数 n \ge 0，P 意味着 P，则 P 对于任何自然数 n 定理“det=detA det B”均成立,定理“the=theA the B”的数学归纳证明
65,Long-term Trends and Prospects in Supply and Demand for Wood Products and Possible Implications for Sustainable Forest Management,木制品供需的长期趋势和前景以及对可持续森林管理的可能影响,"Long-term Trends and Prospects in Supply and Demand (a capitalistic model of price determination in a market, according to which, holding all else equal in a competitive market, the unit price for a particular good will eventually settle at a point where the quantity demanded will equal the quantity supplied (at the current price)) for Wood Products and Possible Implications for Sustainable Forest Management",供给和需求的长期趋势和前景（市场价格决定的资本主义模型，根据该模型，在竞争性市场中其他条件相同的情况下，特定商品的单价最终将稳定在某一点上，该点的数量木材产品的需求量将等于供应量（按当前价格）以及对可持续森林管理的可能影响,供给和需求的长期趋势和前景市场价格决定的资本主义模型，根据该模型，在竞争性市场中其他条件相同的情况下，特定商品的单价最终将稳定在某一点上，该点的数量木材产品的需求量将等于供应量以及对可持续森林管理的可能影响,木制品供需的长期趋势和前景以及对可持续森林管理的可能影响
66,"(1) Every application for any such licence shall be made in writing, addressed to the Council, and shall be accompanied by 3 copies of a plan, drawn to scale, of the swimming pool and the whole of the precincts thereof, and such plan shall include the following particulars-",(c) 凡在根据本条例第11条订立的规例中，有指明的条文，可将该泳池的设施、设备及设施的用途，以及该泳池的用途，连同该泳池的用途，指明的条文，载有该泳池的设施、设备及设施的用途。,"(1) Every application for any such licence shall be made in writing, addressed to the Council, and shall be accompanied by 3 copies of a plan, drawn to scale, of the swimming pool (a pool of water used for swimming, usually one which has been artificially constructed) and the whole of the precincts thereof, and such plan shall include the following particulars-",(c) 就任何上述牌照的申请，须予接纳，并须在该牌照发出前，将该牌照的副本交予市政局，而市政局可将该牌照的副本交予市政局，或将该牌照的副本交予市政局。, 就任何上述牌照的申请，须予接纳，并须在该牌照发出前，将该牌照的副本交予市政局，而市政局可将该牌照的副本交予市政局，或将该牌照的副本交予市政局。, 凡在根据本条例第11条订立的规例中，有指明的条文，可将该泳池的设施、设备及设施的用途，以及该泳池的用途，连同该泳池的用途，指明的条文，载有该泳池的设施、设备及设施的用途。
67,"(1) This section applies to an agreement between 2 or more persons which includes provision for the acquisition by any one or more of them of interests in shares of a particular listed company (""the target company""), being shares comprised in the relevant share capital of that company if-",(b) 凡任何人士就某项协议而获授权代表该人士行事，而该项协议的涵义并不影响该人士就该项协议所订立的条文。,"(1) This section applies to an agreement between 2 or more persons which includes provision for the acquisition by any one or more of them of interests in shares of a particular listed company (""the target company""), being shares comprised in the relevant share capital (the part of a company's capital that is financed by shareholders through the issue of shares) of that company if-",(1) 本条适用于2名或多于2名人士之间达成的协议，该协议包括订立协议，规定其中任何一人或多于一人收购某上市公司(“目标公司”)的股份权益，而该等股份是该公司有关股本(公司股本中由股东透过发行股份而资助的部分)所组成的股份，但如该等股份属例外，则属例外。, 本条适用于2名或多于2名人士之间达成的协议，该协议包括订立协议，规定其中任何一人或多于一人收购某上市公司的股份权益，而该等股份是该公司有关股本所组成的股份，但如该等股份属例外，则属例外。, 凡任何人士就某项协议而获授权代表该人士行事，而该项协议的涵义并不影响该人士就该项协议所订立的条文。
68,"(2) Where a cause of action survives as aforesaid for the benefit of the estate of a deceased person, the damages recoverable for the benefit of the estate of that person-",(2) 凡为死者遗产的利益而提起的诉讼因如上所述继续存在，则为该人的遗产的利益可追讨的损害赔偿金 ——,"(2) Where a cause of action (a condition under which one party would be entitled to sue another) survives as aforesaid for the benefit of the estate of a deceased person, the damages recoverable for the benefit of the estate of that person-",(1) 凡根据第(1)款获授权代表任何人提起诉讼，而该等诉讼的起因是关乎死者死后的生活或工作，则该等诉讼的起因是关乎该死者生前的生活或工作。, 凡根据第款获授权代表任何人提起诉讼，而该等诉讼的起因是关乎死者死后的生活或工作，则该等诉讼的起因是关乎该死者生前的生活或工作。, 凡为死者遗产的利益而提起的诉讼因如上所述继续存在，则为该人的遗产的利益可追讨的损害赔偿金 ——
69,"On March 9, 2001, Li Peng, then chairman of the Standing Committee of the National People 's Congress, warned his compatriots:",2001年3月9日，时任全国人大常委会委员长李鹏告诫同胞：,"On March 9, 2001, Li Peng, then chairman of the Standing Committee (an established parliamentary or congressional committee to which all proposed legislation, messages, petitions, memorials and other matters regarding a defined scope of subjects get referred to and then returned to parliament or congress along with a recommended measure) of the National People 's Congress, warned his compatriots:",2001 年 3 月 9 日，时任常务委员会主席（一个成立的议会或国会委员会，所有拟议的立法、信息、请愿书、奏折和有关特定主题范围的其他事项均提交给该委员会，然后返回议会全国人民代表大会（或代表大会以及建议措施）警告他的同胞：,2001 年 3 月 9 日，时任常务委员会主席一个成立的议会或国会委员会，所有拟议的立法、信息、请愿书、奏折和有关特定主题范围的其他事项均提交给该委员会，然后返回议会全国人民代表大会警告他的同胞：,2001年3月9日，时任全国人大常委会委员长李鹏告诫同胞：
70,And what's an act of God?,什么是天灾？,"And what's an act of God (see: act, of, God)?",什么是上帝的行为（参见：上帝的行为）？,什么是上帝的行为？,什么是天灾？
71,"""Determination of vitamin C in vegetables and fruits (2,6-dichloro indophenol titration method)""","《蔬菜、水果中维生素C的测定（2,6-二氯靛酚滴定法）》","""Determination of vitamin C (the L-enantiomer of ascorbic acid, a water-soluble nutrient essential for life, synthesized by most animals and plants but not humans, although used in our bodies for many purposes, it is plentiful in citrus fruits and many vegetables, and a deficiency causes scurvy) in vegetables and fruits (2,6-dichloro indophenol titration method)""","“维生素 C（抗坏血酸的 L-对映体，一种生命必需的水溶性营养素，由大多数动物和植物合成，但人类不合成，虽然在我们体内有多种用途，但在柑橘类水果和许多水果中含量丰富）蔬菜和水果中缺乏会导致坏血病（2,6-二氯靛酚滴定法）&quot;",“维生素 C蔬菜和水果中缺乏会导致坏血病&quot;,《蔬菜、水果中维生素C的测定》
72,"(1) Any person who sends by, or, not being the owner or master of the vessel, carries in, any ship any dangerous goods without-",(c) 凡任何人在根据本条例第14条发出的指示下，在船舶上载有危险货物，或在该等指示下，该等指示是属有效，并不影响该人在该等指示下的行事。,"(1) Any person who sends by, or, not being the owner or master of the vessel, carries in, any ship any dangerous goods (substances, natural or man-made, which are intrinsically dangerous or otherwise pose a safety hazard. Examples include explosives, poisons, and corrosives) without-",（1）任何人在船舶上运送或并非船舶所有人或船长而携带任何危险货物（天然或人造的、本质上危险或造成安全隐患的物质，例如爆炸物、毒药和腐蚀剂），但未经下列程序：,任何人在船舶上运送或并非船舶所有人或船长而携带任何危险货物，但未经下列程序：, 凡任何人在根据本条例第14条发出的指示下，在船舶上载有危险货物，或在该等指示下，该等指示是属有效，并不影响该人在该等指示下的行事。
73,"In sections 67B and 67C, ""discretionary life sentence"" (酌情性终身监禁刑罚) has the same meaning as in the Long-term Prison Sentences Review Ordinance (Cap 524).","In sections 67B and 67C, ""discretionary life sentence"" (酌情性终身监禁刑罚) has the same meaning as in the Long-term Prison Sentences Review Ordinance (Cap 524).","In sections 67B and 67C, ""discretionary life sentence (a sentence of imprisonment for the rest of the defendant's life)"" (酌情性终身监禁刑罚) has the same meaning as in the Long-term Prison Sentences Review Ordinance (Cap 524).",第67B及67C条中的“酌情终身监禁刑罚”（discretionary life sentence (a sentence of prisoner remaining lifetime)）与《长期监禁刑罚复核条例》（第524章）中“酌情终身监禁刑罚”的含义相同。,第67B及67C条中的“酌情终身监禁刑罚”与《长期监禁刑罚复核条例》中“酌情终身监禁刑罚”的含义相同。,"In sections 67B and 67C, ""discretionary life sentence"" has the same meaning as in the Long-term Prison Sentences Review Ordinance."
74,"Neither Lawspirit, nor its affiliates, subsidiaries nor the Licensors will have any liability for any claim based upon or arising out of the combination, operation or use of the Products with (a) any Microsoft or other third party software programs,",对于因产品与 (a) 任何 Microsoft 或其他第三方软件程序、,"Neither Lawspirit, nor its affiliates, subsidiaries nor the Licensors will have any liability for any claim based upon or arising out of the combination, operation or use of the Products with (a) any Microsoft or other third party (someone not directly involved in a transaction; an entity beyond the seller (first party) and customer (second party)) software programs,",对于因与 (a) 任何 Microsoft 或其他第三方（未直接参与产品组合、操作或使用产品而产生的任何索赔），Lawspirit 及其附属公司、子公司或许可方均不承担任何责任。交易；卖方（第一方）和客户（第二方））软件程序之外的实体，,对于因与 任何 Microsoft 或其他第三方，Lawspirit 及其附属公司、子公司或许可方均不承担任何责任。交易；卖方和客户软件程序之外的实体，,对于因产品与 任何 Microsoft 或其他第三方软件程序、
75,"(1) For the management of the fund, there shall be established a committee to be known as the Social Work Training Fund Committee which shall consist of-",(1) 为管理基金，现设立一个名为社会工作培训基金委员会的委员会，该委员会的成员包括 ——,"(1) For the management of the fund, there shall be established a committee to be known as the Social Work (any of several professions concerned with providing social services to members of the community) Training Fund Committee which shall consist of-",(b) 任何政府或团体如根据本条例第14A条获委任为训练基金的执行人，则可就该项训练基金的执行事宜，向该项训练基金的执行人发出指示，指示该项训练基金的执行人是该会的一名成员。, 任何政府或团体如根据本条例第14A条获委任为训练基金的执行人，则可就该项训练基金的执行事宜，向该项训练基金的执行人发出指示，指示该项训练基金的执行人是该会的一名成员。, 为管理基金，现设立一个名为社会工作培训基金委员会的委员会，该委员会的成员包括 ——
76,"He said they worked well in Eastern Europe, where governments have kept records of land ownership.",他说，这种方法在东欧很有效，因为那里的政府都保存着土地所有权的记录。,"He said they worked well in Eastern Europe (a socio-politic geographical area of eastern Europe usually including the European countries to the east of Germany, Austria and Italy, and to the west of the Urals. However, a less common definition of the region excludes the Czech Republic, Hungary, Poland, Slovakia, the Baltic states and some parts of the Balkans - placing them in Central Europe instead), where governments have kept records of land ownership.",他说，这些制度在东欧（东欧的一个社会政治地理区域，通常包括德国、奥地利和意大利东部以及乌拉尔山脉西部的欧洲国家）运行良好。然而，对该地区的一个不太常见的定义不包括捷克共和国、匈牙利、波兰、斯洛伐克、波罗的海国家和巴尔干半岛的部分地区——而是将它们置于中欧），这些地区的政府都保留着土地所有权的记录。,他说，这些制度在东欧运行良好。然而，对该地区的一个不太常见的定义不包括捷克共和国、匈牙利、波兰、斯洛伐克、波罗的海国家和巴尔干半岛的部分地区——而是将它们置于中欧，这些地区的政府都保留着土地所有权的记录。,他说，这种方法在东欧很有效，因为那里的政府都保存着土地所有权的记录。
77,the commitment of a patient to a mental hospital,病人对精神病院的承诺,"the commitment of a patient to a mental hospital (a hospital facility designed to treat persons with serious mental disorders, as opposed to disorders of the body)",将病人送往精神病院（一种专门治疗严重精神障碍患者而非身体疾病患者的医院设施）,将病人送往精神病院,病人对精神病院的承诺
78,"""licensed trader"" (持牌买卖商) means a licensed leveraged foreign exchange trader for the purposes of the Ordinance;","""licensed trader"" (持牌买卖商) means a licensed leveraged foreign exchange trader for the purposes of the Ordinance;","""licensed trader"" (持牌买卖商) means a licensed leveraged foreign exchange (foreign currency) trader for the purposes of the Ordinance;",“持牌买卖商”(licensed trader) 指就本条例而言获发牌照的杠杆式外汇(外币)交易商；,“持牌买卖商” 指就本条例而言获发牌照的杠杆式外汇交易商；,"""licensed trader"" means a licensed leveraged foreign exchange trader for the purposes of the Ordinance;"
79,"The patient dies, or the patient's immune system fights off the invader.",病人死亡，或者病人的免疫系统击退了入侵者。,"The patient dies, or the patient's immune system (the system that differentiates self from non-self and protects the body from foreign substances and pathogenic organisms by producing an immune response, it includes organs such as the thymus, the spleen and lymph nodes; tissue such as bone marrow, and lymphoid tissues such as the tonsils; cells such as lymphocytes including the B cells and T cells, and cell products such as antibodies) fights off the invader.",病人死亡，或病人的免疫系统（区分自我与非自我，并通过产生免疫反应保护身体免受外来物质和病原生物侵害的系统，包括胸腺、脾脏和淋巴结等器官；组织例如骨髓和淋巴组织（例如扁桃体）；细胞（例如淋巴细胞（包括 B 细胞和 T 细胞）以及细胞产物（例如抗体））抵抗入侵者。,病人死亡，或病人的免疫系统区分自我与非自我，并通过产生免疫反应保护身体免受外来物质和病原生物侵害的系统，包括胸腺、脾脏和淋巴结等器官；组织例如骨髓和淋巴组织；细胞抵抗入侵者。,病人死亡，或者病人的免疫系统击退了入侵者。
80,STUDIES ON SPACE DISTRIBUTION MODEL AND POPULATION DENSITY ESTIMATION OF BATOCERA HORSFIEDI HOPE,马斑天牛空间分布模型及种群密度估算研究,"STUDIES ON SPACE DISTRIBUTION MODEL AND POPULATION DENSITY (average population per unit area; especially, the average number of people who live per square kilometer (or square mile) of land) ESTIMATION OF BATOCERA HORSFIEDI HOPE",空间分布模型和人口密度（单位面积平均人口；特别是每平方公里（或平方英里）土地上居住的平均人数）的研究 BATOCERA HORSFIEDI HOPE 的估计,空间分布模型和人口密度的研究 BATOCERA HORSFIEDI HOPE 的估计,马斑天牛空间分布模型及种群密度估算研究
81,Au Tau Raw Water and Fresh Water Pumping Station,凹头原水及食水抽水站,"Au Tau Raw Water and Fresh Water (water with a very low content of dissolved salt, as opposed to brackish water or salt water) Pumping Station",Au Tau 原水和淡水（溶解盐含量极低的水，与苦咸水或咸水不同） 泵站,Au Tau 原水和淡水 泵站,凹头原水及食水抽水站
82,"""ballot paper account"" (选票结算表) means a statement prepared under section 64;","""ballot paper account"" (选票结算表) means a statement prepared under section 64;","""ballot paper (a voting form; the paper upon which a vote is cast during a ballot) account"" (选票结算表) means a statement prepared under section 64;",“选票结算表”（ballot paper (casting form; the paper that the voter was not based on the case of the voter) table）是指根据第64条制备的报表；,“选票结算表”是指根据第64条制备的报表；,"""ballot paper account"" means a statement prepared under section 64;"
83,"On every goods vehicle and special purpose vehicle the exhaust pipe shall be so fitted or shielded, and maintained that-",(c) 在第(2)款和(3)款的规定下，排气管的安装和维护不得超过规定时间。,"On every goods vehicle and special purpose vehicle the exhaust pipe (for internal combustion engines, the pipe that vents waste gases from the engine) shall be so fitted or shielded, and maintained that-",每辆货车及特别用途车辆的排气管(就内燃机而言，指排出引擎废气的管子)须如此装配或遮蔽及保养：,每辆货车及特别用途车辆的排气管须如此装配或遮蔽及保养：, 在第款和款的规定下，排气管的安装和维护不得超过规定时间。
84,A construction of Non-Cartesian Authentication Codes from Vector Space over Finite Fields,有限域上向量空间非笛卡尔认证码的构造,"A construction of Non-Cartesian Authentication Codes from Vector Space (a set of elements called vectors, together with some field and operations called addition (mapping two vectors to a vector) and scalar multiplication (mapping a vector and an element in the field to a vector), satisfying a list of constraints) over Finite Fields",从向量空间（称为向量的一组元素，以及称为加法（将两个向量映射到一个向量）和标量乘法（将向量和字段中的元素映射到一个向量）的一些字段和操作一起构造非笛卡尔认证码矢量），满足有限域上的约束列表）,从向量空间，满足有限域上的约束列表,有限域上向量空间非笛卡尔认证码的构造
85,To provide for the incorporation of the Procurator in the Colony for the Dominican Missions in the Far East.,本条例的条文规定，在任何情况下，在任何情况下，在任何情况下，在任何情况下，在任何情况下，都必须遵守法律的规定。,"To provide for the incorporation of the Procurator in the Colony for the Dominican Missions in the Far East (East Asia (Korea, Japan, China, the Russian Far East, etc.) and Southeast Asia, taken as a whole).",本条例旨在为道明会远东传教团（东亚（韩国、日本、中国、俄罗斯远东地区等）及东南亚地区）在殖民地设立总督一事订立条文。,本条例旨在为道明会远东传教团在殖民地设立总督一事订立条文。,本条例的条文规定，在任何情况下，在任何情况下，在任何情况下，在任何情况下，在任何情况下，都必须遵守法律的规定。
86,Days of fresh air in the rain and the sun,风雨无阻、阳光灿烂的日子,"Days of fresh air (the natural, clean air from outside, as opposed to the relatively stuffy air inside) in the rain and the sun",在雨天和阳光下享受新鲜空气（来自室外的自然、清洁的空气，而不是室内相对闷热的空气）的日子,在雨天和阳光下享受新鲜空气的日子,风雨无阻、阳光灿烂的日子
87,"(b) in subsection (5) (a), the expression ""appropriate medical certificate"" (适当的医生证明书) means-","(b) in subsection (5) (a), the expression ""appropriate medical certificate"" (适当的医生证明书) means-","(b) in subsection (5) (a), the expression ""appropriate medical certificate (a statement from a physician or other health care provider that attests to the result of a medical examination of a patient)"" (适当的医生证明书) means-",（b）在第（5）（a）款中，“适当的医生证明书（由医生或其他医疗服务提供者出具的证明病人体检结果的声明）”（appropriate medical certificate (a statement from a doctor or other health care provider that proves the result of medical examining of apatient)）是指：,在第款中，“适当的医生证明书”是指：," in subsection, the expression ""appropriate medical certificate"" means-"
88,Analyzed in 6patients with lymph node tuberculosis in a clinical review,临床回顾中对 6 例淋巴结结核患者进行了分析,"Analyzed in 6patients with lymph node (each of the small oval bodies of the lymphatic system, distributed along the lymphatic vessels, that are clustered in the armpits, groin, neck, chest and abdomen, they act as filters, with an internal honeycomb of connective tissue filled with lymphocytes and macrophages that collect and destroy bacteria, viruses and foreign matter from lymph, when the body is fighting an infection, these lymphocytes multiply rapidly and produce a characteristic swelling of the lymph nodes) tuberculosis in a clinical review",对6名淋巴结患者进行了分析（淋巴系统的每个小椭圆形体，沿着淋巴管分布，聚集在腋窝、腹股沟、颈部、胸部和腹部，它们起到过滤器的作用，内部有蜂窝状的结缔组织）充满淋巴细胞和巨噬细胞的组织，可以收集并消灭淋巴液中的细菌、病毒和异物，当身体抵抗感染时，这些淋巴细胞会迅速繁殖并产生特征性的淋巴结肿胀）临床综述中的结核病,对6名淋巴结患者进行了分析充满淋巴细胞和巨噬细胞的组织，可以收集并消灭淋巴液中的细菌、病毒和异物，当身体抵抗感染时，这些淋巴细胞会迅速繁殖并产生特征性的淋巴结肿胀临床综述中的结核病,临床回顾中对 6 例淋巴结结核患者进行了分析
89,(3) In addition to the requirements of subregulation (1) there shall be provided in any such space containing internal combustion type machinery-,(3) 除第(1)款的要求外，在任何装有内燃型机械的处所内还须设置——,"(3) In addition to the requirements of subregulation (1) there shall be provided in any such space containing internal combustion (the process where fuel is burned within an engine such as a diesel engine, producing power directly as opposed to externally such as in a steam engine) type machinery-",(2) 任何该等舱室均须设有供油舱、货舱或货柜的舱室，而该等舱室须设有供油舱、货舱或货柜的舱室。, 任何该等舱室均须设有供油舱、货舱或货柜的舱室，而该等舱室须设有供油舱、货舱或货柜的舱室。, 除第款的要求外，在任何装有内燃型机械的处所内还须设置——
90,Report on the Supply and Demand in Accommodations for Small Households,小户型住宿供需报告,"Report on the Supply and Demand (a capitalistic model of price determination in a market, according to which, holding all else equal in a competitive market, the unit price for a particular good will eventually settle at a point where the quantity demanded will equal the quantity supplied (at the current price)) in Accommodations for Small Households",供需报告（市场价格决定的资本主义模型，根据该模型，在竞争性市场中其他条件相同的情况下，特定商品的单价最终将稳定在需求量等于需求量的点上小户型住宿的供应数量（按当前价格）,供需报告市场价格决定的资本主义模型，根据该模型，在竞争性市场中其他条件相同的情况下，特定商品的单价最终将稳定在需求量等于需求量的点上小户型住宿的供应数量,小户型住宿供需报告
91,"The Normal Bar is the brainchild of entrepreneur Chrisanna Northrupp and is co-authored by academics Professor Pepper Schwartz, sociologist at the University of Washington, and Professor James Schwartz, Director of the Centre for Social Science Research at George Mason University in Virginia.",《普通律师》是企业家克里斯安娜·诺斯鲁普 (Chrisanna Northrupp) 的创意，由华盛顿大学社会学家佩珀·施瓦茨 (Pepper Schwartz) 教授和弗吉尼亚州乔治梅森大学社会科学研究中心主任詹姆斯·施瓦茨 (James Schwartz) 教授共同撰写。,"The Normal Bar is the brainchild of entrepreneur Chrisanna Northrupp and is co-authored by academics Professor Pepper Schwartz, sociologist at the University of Washington, and Professor James Schwartz, Director of the Centre for Social Science (a branch of science that studies the society and human behavior in it, including anthropology, communication studies, criminology, economics, geography, history, political science, psychology, social studies, and sociology) Research at George Mason University in Virginia.",《Normal Bar》是企业家克里斯安娜·诺斯鲁普 (Chrisanna Northrupp) 的心血结晶，由华盛顿大学社会学家佩珀·施瓦茨 (Pepper Schwartz) 教授和弗吉尼亚州乔治梅森大学社会科学研究中心（研究社会及其人类行为的科学分支，包括人类学、传播学、犯罪学、经济学、地理学、历史学、政治学、心理学、社会研究和社会学）主任詹姆斯·施瓦茨 (James Schwartz) 教授共同撰写。,《Normal Bar》是企业家克里斯安娜·诺斯鲁普 的心血结晶，由华盛顿大学社会学家佩珀·施瓦茨 教授和弗吉尼亚州乔治梅森大学社会科学研究中心主任詹姆斯·施瓦茨 教授共同撰写。,《普通律师》是企业家克里斯安娜·诺斯鲁普 的创意，由华盛顿大学社会学家佩珀·施瓦茨 教授和弗吉尼亚州乔治梅森大学社会科学研究中心主任詹姆斯·施瓦茨 教授共同撰写。
92,Moulding materials for windows of unplasticized polyvinyl chloride — Part 2: Quality specification,未增塑聚氯乙烯窗用模塑料 第 2 部分：质量规范,"Moulding materials for windows of unplasticized polyvinyl chloride (a thermoplastic resin produced by the polymerization of vinyl chloride; used as an electrical insulator and in many other applications. Can be compounded into flexible and rigid forms through the use of plasticizers, stabilizers, fillers and other modifiers) — Part 2: Quality specification",未塑化聚氯乙烯（一种由氯乙烯聚合产生的热塑性树脂；用作电绝缘体和许多其他应用）窗户的成型材料。可以通过使用增塑剂、稳定剂、填料和其他材料复合成柔性和刚性形式修饰符）——第 2 部分：质量规范,未塑化聚氯乙烯窗户的成型材料。可以通过使用增塑剂、稳定剂、填料和其他材料复合成柔性和刚性形式修饰符——第 2 部分：质量规范,未增塑聚氯乙烯窗用模塑料 第 2 部分：质量规范
93,A Primary Inquiry into the Application of BSC (Balance Score Card) in the Effective Management of Local Government,平衡计分卡在地方政府有效管理中的应用初探,"A Primary Inquiry into the Application of BSC (Balance Score Card) in the Effective Management of Local Government (any form of government whose remit covers an area less than that of the nation and, in some cases, less than that of a state)",BSC（平衡计分卡）在地方政府（职权范围小于国家、在某些情况下小于州）有效管理中应用的初步探讨,BSC在地方政府有效管理中应用的初步探讨,平衡计分卡在地方政府有效管理中的应用初探
94,"(2) Save with the permission of the Court of First Instance, an appellant shall not be entitled at the hearing of the appeal to rely on any ground of appeal not specified in the application for leave to appeal. (L.N. 215 of 1982)",(2) 除非获得原讼法庭许可，否则上诉人无权在上诉聆讯中依赖上诉许可申请中未指明的任何上诉理由。 (1982年第215号法律公告),"(2) Save with the permission of the Court of First Instance (a court of law where legal proceedings are first heard), an appellant shall not be entitled at the hearing of the appeal to rely on any ground of appeal not specified in the application for leave to appeal. (L.N. 215 of 1982)",(1) 上诉人可就上诉许可申请书所指明的上诉理由，提出上诉，而上诉人可就上诉许可申请书所指明的上诉理由，提出上诉，但上诉人可就上诉许可申请书所指明的上诉理由，提出上诉，但上诉人可就上诉许可申请书所指明的上诉理由，提出上诉，但上诉人可就上诉许可申请书所指明的上诉理由，提出上诉，但上诉人可就上诉许可申请书所指明的上诉理由，提出上诉。(1982年第215号法律公告), 上诉人可就上诉许可申请书所指明的上诉理由，提出上诉，而上诉人可就上诉许可申请书所指明的上诉理由，提出上诉，但上诉人可就上诉许可申请书所指明的上诉理由，提出上诉，但上诉人可就上诉许可申请书所指明的上诉理由，提出上诉，但上诉人可就上诉许可申请书所指明的上诉理由，提出上诉，但上诉人可就上诉许可申请书所指明的上诉理由，提出上诉。, 除非获得原讼法庭许可，否则上诉人无权在上诉聆讯中依赖上诉许可申请中未指明的任何上诉理由。
95,"However, 40 percent of Cape Verde's tax revenues come from its customs, a situation which will have to change due to the company's membership of the WTO.",佛得角总统拉加德表示，佛得角政府希望通过扩大其在国际贸易中的份额，以减少贸易壁垒。,"However, 40 percent of Cape Verde (archipelago in West Africa)'s tax revenues come from its customs, a situation which will have to change due to the company's membership of the WTO.",佛得角电力公司总裁兼首席执行官阿卜杜拉•阿卜杜拉说：“佛得角是西非的一个群岛国家，该国40%的税收来自海关，随着佛得角加入世贸组织，这一状况将发生改变。,佛得角电力公司总裁兼首席执行官阿卜杜拉•阿卜杜拉说：“佛得角是西非的一个群岛国家，该国40%的税收来自海关，随着佛得角加入世贸组织，这一状况将发生改变。,佛得角总统拉加德表示，佛得角政府希望通过扩大其在国际贸易中的份额，以减少贸易壁垒。
96,"Ronald Coase get the Nobel Prize in 1991 because of the article <<nature of firm>>, after then, enterprise research of corporate governance have become more and more.",罗纳德·科斯因文章《<nature of firm> &gt;此后，企业公司治理的研究也越来越多。,"Ronald Coase get the Nobel Prize (any of the international prizes awarded annually by the Nobel Foundation for outstanding achievements in the fields of physics, chemistry, physiology or medicine, literature and for the promotion of world peace; or the prize in economics awarded by the Swedish National Bank, in memorial of Alfred Nobel) in 1991 because of the article <<nature of firm>>, after then, enterprise research of corporate governance have become more and more.",罗纳德·科斯于1991年因发表文章《科学与技术：从零开始的经济学》而获得诺贝尔奖（诺贝尔基金会每年颁发的国际性奖项，以表彰在物理学、化学、生理学或医学、文学以及促进世界和平等领域的杰出成就；或瑞典国家银行为纪念阿尔弗雷德·诺贝尔而颁发的经济学奖）。<nature of firm> &gt;此后，企业公司治理的研究也越来越多。,罗纳德·科斯于1991年因发表文章《科学与技术：从零开始的经济学》而获得诺贝尔奖。<nature of firm> &gt;此后，企业公司治理的研究也越来越多。,罗纳德·科斯因文章《<nature of firm> &gt;此后，企业公司治理的研究也越来越多。
97,"(1) Whenever a company limited by shares or a company limited by guarantee and having a share capital makes any allotment of its shares, the company shall within 8 weeks thereafter deliver to the Registrar for registration-",(c) 凡任何公司根据第(1)款获授任何权力，而该等权力乃根据第(1)款获授的权力而厘定，则该公司可在该权力下，就该等权力而将该等权力转授予任何该等公司。,"(1) Whenever a company limited by shares or a company limited by guarantee and having a share capital (the part of a company's capital that is financed by shareholders through the issue of shares) makes any allotment of its shares, the company shall within 8 weeks thereafter deliver to the Registrar for registration-",(3) 任何股份公司或任何拥有股本的担保有限公司，其股份须在分配该等股份后8个星期内，送交注册官登记。, 任何股份公司或任何拥有股本的担保有限公司，其股份须在分配该等股份后8个星期内，送交注册官登记。, 凡任何公司根据第款获授任何权力，而该等权力乃根据第款获授的权力而厘定，则该公司可在该权力下，就该等权力而将该等权力转授予任何该等公司。
98,Asia and Eastern Europe are the two regions with the most positive FDI prospects.,亚洲和东欧是 FDI 前景最乐观的两个地区。,"Asia and Eastern Europe (a socio-politic geographical area of eastern Europe usually including the European countries to the east of Germany, Austria and Italy, and to the west of the Urals. However, a less common definition of the region excludes the Czech Republic, Hungary, Poland, Slovakia, the Baltic states and some parts of the Balkans - placing them in Central Europe instead) are the two regions with the most positive FDI prospects.",亚洲和东欧（东欧的社会政治地理区域，通常包括德国、奥地利和意大利以东以及乌拉尔山脉以西的欧洲国家。但是，对该地区的不太常见的定义不包括捷克共和国匈牙利、波兰、斯洛伐克、波罗的海国家和巴尔干半岛的部分地区（将它们置于中欧）是 FDI 前景最乐观的两个地区。,亚洲和东欧东欧的社会政治地理区域，通常包括德国、奥地利和意大利以东以及乌拉尔山脉以西的欧洲国家。但是，对该地区的不太常见的定义不包括捷克共和国匈牙利、波兰、斯洛伐克、波罗的海国家和巴尔干半岛的部分地区是 FDI 前景最乐观的两个地区。,亚洲和东欧是 FDI 前景最乐观的两个地区。
99,"(1) Any police officer, or any officer of the Agriculture and Fisheries Department authorized in writing for the purposes of this section by the Director, may-",(3) 凡在根据第(2)款发出的通知书内，有人违反第(1)款的规定，可处第1级罚款及监禁6个月。,"(1) Any police officer (a peace officer who is a member of a police force), or any officer of the Agriculture and Fisheries Department authorized in writing for the purposes of this section by the Director, may-",(1) 任何警务人员(属于警队成员的治安官)或任何经署长就本条的目的而以书面授权的农业及渔业部人员，均可─, 任何警务人员或任何经署长就本条的目的而以书面授权的农业及渔业部人员，均可─, 凡在根据第款发出的通知书内，有人违反第款的规定，可处第1级罚款及监禁6个月。
